Finished,Q1,Q1_7_TEXT,Q2,Q11,Q12,Q3,Q4,Q5_1,Q5_2,Q5_3,Q5_4,Q5_5,Q5_6,Q5_7,Q5_8,Q5_9,Q6_1,Q6_2,Q6_3,Q6_4,Q6_5,Q6_6,Q6_7,Q6_8,Q6_9,Q6_10,Q6_11,Q6_11_TEXT,Q7,Q8_1,Q8_2,Q8_3,Q8_4,Q8_5,Q9
TRUE,Undergraduate Student,,,,,,,,,,,,,,,,Would attend,Might attend,Might attend,Would NOT attend,,Would NOT attend,,Might attend,,Would attend,,,,,,,,,
TRUE,Other,,,,,Womens Studies,No,,,,,,,,,,,,,,,,,,,,,,,,,,,,
TRUE,Faculty Member,,,,, ,No,Extremely knowledgeable,Extremely knowledgeable,Extremely knowledgeable,Extremely knowledgeable,Moderately knowledgeable,Moderately knowledgeable,Moderately knowledgeable,Moderately knowledgeable,Slightly knowledgeable,Might attend,Might attend,Might attend,Would attend,Might attend,Would NOT attend,Would NOT attend,Would NOT attend,Might attend,Would attend,,,In-person taught by instructor,"Morning,Midday,Afternoon,Evening",,,,Midday,Facebook
TRUE,Faculty Member,,,,,Accounting,No,N/A,N/A,N/A,N/A,N/A,N/A,N/A,N/A,N/A,Might attend,Might attend,Might attend,Might attend,Might attend,Might attend,Might attend,Might attend,Might attend,Might attend,Might attend,,In-person taught by instructor,,,Midday,Evening,,Flyer
TRUE,Undergraduate Student,,Full-time student,Senior,,Mathematics,Yes,Moderately knowledgeable,Moderately knowledgeable,Moderately knowledgeable,,,,,,,,,,,,,,,,,,,,,,,,,
FALSE,Faculty Member,,,,,Environmental Engineering Sciences,No,,,,,,,,,,,,,,,,,,,,,,,,,,,,
FALSE,Faculty Member,,,,,Biostatistics,Yes,,,,,,,,,,,,,,,,,,,,,,,,,,,,
TRUE,Master's Candidate,,Full-time student,,1,Computer and Information Science and Engineering,Yes,Moderately knowledgeable,Extremely knowledgeable,Slightly knowledgeable,Moderately knowledgeable,Slightly knowledgeable,Extremely knowledgeable,Moderately knowledgeable,Extremely knowledgeable,Slightly knowledgeable,Would NOT attend,Would attend,Might attend,Would attend,Would attend,Would attend,Would attend,Would attend,Would NOT attend,Might attend,,,"In-person taught by instructor,Small interest group",Evening,Evening,Evening,Evening,Evening,"E-Mail,Facebook"
TRUE,Undergraduate Student,,Full-time student,Junior,,Industrial and Systems Engineering,Yes,Slightly knowledgeable,Moderately knowledgeable,Not knowledgeable at all,Slightly knowledgeable,Not knowledgeable at all,Not knowledgeable at all,Not knowledgeable at all,Not knowledgeable at all,Not knowledgeable at all,Might attend,Would NOT attend,Would attend,Might attend,Might attend,Would NOT attend,Might attend,Would NOT attend,Would attend,Would NOT attend,Would NOT attend,,"In-person taught by instructor,Small interest group",Evening,Evening,Evening,Evening,None,"E-Mail,Facebook,Flyer"
TRUE,Master's Candidate,,Full-time student,,,Computer and Information Science and Engineering,Yes,,,,,,,,,,,,,,,,,,,,,,,,,,,,
TRUE,Undergraduate Student,,Full-time student,Senior,,Industrial and Systems Engineering,Yes,Extremely knowledgeable,Slightly knowledgeable,Slightly knowledgeable,Slightly knowledgeable,Not knowledgeable at all,Moderately knowledgeable,Not knowledgeable at all,Not knowledgeable at all,Not knowledgeable at all,Would NOT attend,Might attend,Would attend,Would attend,Would attend,Would attend,Would attend,Would attend,Would attend,Might attend,,,"In-person taught by instructor,Online information portal,Online video/tutorial or course,Webinar","Afternoon,Evening","Afternoon,Evening","Afternoon,Evening","Afternoon,Evening","Afternoon,Evening","E-Mail,Facebook,Twitter"
TRUE,Master's Candidate,,Full-time student,,1,Information Systems and Operations Management,Yes,Moderately knowledgeable,Slightly knowledgeable,Slightly knowledgeable,Slightly knowledgeable,Not knowledgeable at all,Slightly knowledgeable,Not knowledgeable at all,Not knowledgeable at all,Not knowledgeable at all,Would attend,Would attend,Would attend,Would attend,Would attend,Would attend,Would attend,Would attend,Would attend,Would attend,,,"In-person taught by instructor,Small interest group",Evening,Evening,Evening,Evening,Evening,"E-Mail,Facebook"
FALSE,Other,,,,,,,,,,,,,,,,,,,,,,,,,,,,,,,,,,
FALSE,Master's Candidate,,,,,,,,,,,,,,,,,,,,,,,,,,,,,,,,,,
FALSE,Undergraduate Student,,Full-time student,Senior,,Chemistry,Yes,,,,,,,,,,,,,,,,,,,,,,,,,,,,
FALSE,Undergraduate Student,,Full-time student,Senior,,Statistics,Yes,Moderately knowledgeable,Moderately knowledgeable,Moderately knowledgeable,Slightly knowledgeable,Not knowledgeable at all,Slightly knowledgeable,Not knowledgeable at all,Moderately knowledgeable,Not knowledgeable at all,,,,,,,,,,,,,,,,,,,
FALSE,Master's Candidate,,Full-time student,,1,Computer and Information Science and Engineering,Yes,Moderately knowledgeable,Moderately knowledgeable,Slightly knowledgeable,Not knowledgeable at all,Slightly knowledgeable,Not knowledgeable at all,Not knowledgeable at all,Not knowledgeable at all,Not knowledgeable at all,,,,,,,,,,,,,,,,,,,
FALSE,Master's Candidate,,Full-time student,,,Computer and Information Science and Engineering,Yes,,,,,,,,,,,,,,,,,,,,,,,,,,,,
FALSE,Undergraduate Student,,Full-time student,Junior,,Computer and Information Science and Engineering,Yes,Moderately knowledgeable,Extremely knowledgeable,Slightly knowledgeable,Moderately knowledgeable,Not knowledgeable at all,Moderately knowledgeable,Not knowledgeable at all,Slightly knowledgeable,Not knowledgeable at all,,,,,,,,,,,,,,,,,,,
FALSE,Undergraduate Student,,Full-time student,Sophomore,,Computer and Information Science and Engineering,Yes,Slightly knowledgeable,Moderately knowledgeable,Slightly knowledgeable,Slightly knowledgeable,Not knowledgeable at all,Moderately knowledgeable,Slightly knowledgeable,Not knowledgeable at all,Not knowledgeable at all,,,,,,,,,,,,,,,,,,,
FALSE,Undergraduate Student,,Full-time student,Junior,,Computer and Information Science and Engineering,Yes,Moderately knowledgeable,Moderately knowledgeable,Moderately knowledgeable,Not knowledgeable at all,Moderately knowledgeable,Moderately knowledgeable,Slightly knowledgeable,Not knowledgeable at all,Not knowledgeable at all,,,,,,,,,,,,,,,,,,,
FALSE,Undergraduate Student,,Full-time student,Senior,,Mathematics,Yes,,,,,,,,,,,,,,,,,,,,,,,,,,,,
FALSE,Undergraduate Student,,,,,,,,,,,,,,,,,,,,,,,,,,,,,,,,,,
FALSE,Faculty Member,,,,,Statistics,Yes,Extremely knowledgeable,Moderately knowledgeable,Extremely knowledgeable,Extremely knowledgeable,Moderately knowledgeable,Slightly knowledgeable,Moderately knowledgeable,Not knowledgeable at all,Slightly knowledgeable,,,,,,,,,,,,,,,,,,,
TRUE,Faculty Member,,,,,"Tourism, Recreation and Sport Managment",No,Extremely knowledgeable,Moderately knowledgeable,Moderately knowledgeable,Slightly knowledgeable,Slightly knowledgeable,Slightly knowledgeable,Slightly knowledgeable,Slightly knowledgeable,Slightly knowledgeable,Would NOT attend,Would NOT attend,Would NOT attend,Would NOT attend,Would NOT attend,Might attend,Might attend,Would NOT attend,Might attend,Might attend,,,In-person taught by instructor,"Morning,Midday,Afternoon",None,None,None,"Morning,Midday,Afternoon,Evening",E-Mail
TRUE,Postgraduate Researcher,,,,,Economics,No,Extremely knowledgeable,Moderately knowledgeable,Moderately knowledgeable,Not knowledgeable at all,Slightly knowledgeable,Slightly knowledgeable,Slightly knowledgeable,Moderately knowledgeable,Extremely knowledgeable,Would NOT attend,Would attend,Would attend,Would attend,Would NOT attend,Would NOT attend,Would NOT attend,Would NOT attend,Might attend,Would attend,,,"Online information portal,Online video/tutorial or course,Webinar,Online learning/research community",Evening,Evening,Evening,Evening,Evening,E-Mail
TRUE,Ph.D Candidate,,Full-time student,,1,Counselor Education,Yes,Moderately knowledgeable,Slightly knowledgeable,Slightly knowledgeable,Moderately knowledgeable,Not knowledgeable at all,Slightly knowledgeable,Not knowledgeable at all,Slightly knowledgeable,Slightly knowledgeable,Would NOT attend,Might attend,Would attend,Would attend,Would attend,Would attend,Would attend,Would attend,Might attend,Might attend,,,"In-person taught by instructor,Online information portal,Webinar,Small interest group","Morning,Midday","Morning,Midday","Morning,Midday","Morning,Midday","Morning,Midday,Afternoon,Evening","E-Mail,Informatics Institute Website,Facebook"
TRUE,Faculty Member,,,,,Statistics,No,Extremely knowledgeable,N/A,N/A,N/A,N/A,N/A,N/A,N/A,N/A,Would NOT attend,Might attend,Might attend,Might attend,Might attend,Might attend,Might attend,Might attend,Might attend,Might attend,,,In-person taught by instructor,,,,,,E-Mail
TRUE,Faculty Member,,,,,Biology,Yes,Moderately knowledgeable,Moderately knowledgeable,Slightly knowledgeable,Moderately knowledgeable,Moderately knowledgeable,Moderately knowledgeable,Moderately knowledgeable,Moderately knowledgeable,Slightly knowledgeable,Might attend,Might attend,Would attend,Might attend,Would NOT attend,Would NOT attend,Might attend,Would attend,Would attend,Would NOT attend,,,"In-person taught by instructor,Webinar,Small interest group,Online learning/research community","Morning,Midday","Morning,Midday","Morning,Midday","Morning,Midday","Morning,Midday",E-Mail
TRUE,Ph.D Candidate,,Full-time student,,4,Electrical and Computer Engineering,No,Extremely knowledgeable,Moderately knowledgeable,Extremely knowledgeable,Slightly knowledgeable,Moderately knowledgeable,Moderately knowledgeable,Moderately knowledgeable,Moderately knowledgeable,Slightly knowledgeable,Would NOT attend,Would NOT attend,Would NOT attend,Would NOT attend,Would NOT attend,Might attend,Might attend,Would NOT attend,Might attend,Might attend,,,"In-person taught by instructor,Online learning/research community","Afternoon,Evening",None,"Afternoon,Evening","Afternoon,Evening",None,E-Mail
TRUE,Ph.D Candidate,,Full-time student,,3,Mechanical and Aerospace Engineering,Yes,Slightly knowledgeable,Moderately knowledgeable,Moderately knowledgeable,Not knowledgeable at all,Slightly knowledgeable,Not knowledgeable at all,Not knowledgeable at all,Not knowledgeable at all,Not knowledgeable at all,Would attend,Would attend,Would attend,Might attend,Would NOT attend,Would NOT attend,Might attend,Might attend,Would attend,Would NOT attend,,,"In-person taught by instructor,Online information portal,Online video/tutorial or course,Webinar,Small interest group,Online learning/research community","Midday,Afternoon,Evening",None,"Midday,Afternoon,Evening","Midday,Afternoon,Evening","Midday,Afternoon,Evening",E-Mail
TRUE,Master's Candidate,,Full-time student,,1,Mechanical and Aerospace Engineering,Yes,Slightly knowledgeable,Slightly knowledgeable,Slightly knowledgeable,Not knowledgeable at all,Not knowledgeable at all,Not knowledgeable at all,Not knowledgeable at all,Not knowledgeable at all,Not knowledgeable at all,Would attend,Might attend,Would attend,Would attend,Would attend,Would attend,Would attend,Would attend,Would attend,Would attend,,,"In-person taught by instructor,Online video/tutorial or course",Evening,Evening,Evening,"Morning,Evening","Morning,Evening","E-Mail,Facebook"
TRUE,Ph.D Candidate,,Full-time student,,3,Agricultural and Biological Engineering,Yes,Slightly knowledgeable,Slightly knowledgeable,Moderately knowledgeable,Slightly knowledgeable,Slightly knowledgeable,Slightly knowledgeable,Slightly knowledgeable,Slightly knowledgeable,Slightly knowledgeable,Would attend,Would attend,Would attend,Would attend,Would attend,Would attend,Would attend,Would attend,Would attend,Would NOT attend,Would NOT attend,"Linux, machine learning, women in coding","In-person taught by instructor,Online video/tutorial or course,Webinar,Small interest group,Online learning/research community","Afternoon,Evening","Afternoon,Evening","Afternoon,Evening","Midday,Afternoon,Evening","Midday,Afternoon,Evening","E-Mail,Informatics Institute Website,Facebook,Twitter,Flyer"
TRUE,Ph.D Candidate,,Full-time student,,3,Teaching and Learning,No,Slightly knowledgeable,Not knowledgeable at all,Slightly knowledgeable,Extremely knowledgeable,Moderately knowledgeable,Slightly knowledgeable,Moderately knowledgeable,Moderately knowledgeable,Not knowledgeable at all,Would NOT attend,Might attend,Might attend,Might attend,Would attend,Would attend,Might attend,Would attend,Would attend,Would NOT attend,,,"In-person taught by instructor,Webinar,Small interest group,Online learning/research community",,,,,,"E-Mail,Facebook,Flyer"
TRUE,Ph.D Candidate,,Full-time student,,5,Spanish and Portuguese Studies,No,Slightly knowledgeable,Slightly knowledgeable,Slightly knowledgeable,Moderately knowledgeable,Not knowledgeable at all,Slightly knowledgeable,Not knowledgeable at all,Not knowledgeable at all,Not knowledgeable at all,Would attend,Would attend,Would attend,Might attend,Would attend,Might attend,Might attend,Might attend,Might attend,Might attend,,,In-person taught by instructor,"Afternoon,Evening","Morning,Midday,Afternoon,Evening","Afternoon,Evening","Morning,Midday,Afternoon,Evening","Afternoon,Evening","E-Mail,Facebook"
TRUE,Faculty Member,,,,,Human Development and Organizational Studies in Education,No,Extremely knowledgeable,Moderately knowledgeable,Moderately knowledgeable,Extremely knowledgeable,Slightly knowledgeable,Moderately knowledgeable,Slightly knowledgeable,Slightly knowledgeable,Slightly knowledgeable,Would NOT attend,Might attend,Might attend,Might attend,Might attend,Might attend,Might attend,Would NOT attend,Might attend,Would NOT attend,,,"Online information portal,Online video/tutorial or course",,,,"Morning,Afternoon","Morning,Afternoon",E-Mail
TRUE,Faculty Member,,,,,Wildlife Ecology and Conservation,Yes,Moderately knowledgeable,Extremely knowledgeable,Extremely knowledgeable,Slightly knowledgeable,Moderately knowledgeable,Extremely knowledgeable,Slightly knowledgeable,Extremely knowledgeable,Slightly knowledgeable,Would NOT attend,Would NOT attend,Might attend,Might attend,Would NOT attend,Might attend,Would NOT attend,Might attend,Might attend,Would NOT attend,,,In-person taught by instructor,,,,,,E-Mail
TRUE,Postgraduate Researcher,,,,,Political Science,Yes,Moderately knowledgeable,Slightly knowledgeable,Moderately knowledgeable,Slightly knowledgeable,Moderately knowledgeable,Slightly knowledgeable,Not knowledgeable at all,Slightly knowledgeable,Not knowledgeable at all,Might attend,Might attend,Might attend,Might attend,Might attend,Would attend,Would attend,Might attend,Might attend,Might attend,,,"Online information portal,Online video/tutorial or course,Online learning/research community","Morning,Midday,Afternoon,Evening","Morning,Midday,Afternoon,Evening","Morning,Midday,Afternoon,Evening","Morning,Midday,Afternoon,Evening","Morning,Midday,Afternoon,Evening",E-Mail
TRUE,Ph.D Candidate,,Full-time student,,3,Nuclear Engineering,No,Moderately knowledgeable,Moderately knowledgeable,Slightly knowledgeable,Not knowledgeable at all,Not knowledgeable at all,Not knowledgeable at all,Not knowledgeable at all,Slightly knowledgeable,Not knowledgeable at all,Might attend,Would attend,Might attend,Would attend,Might attend,Would attend,Would attend,Would attend,Would attend,Would attend,,,"In-person taught by instructor,Online video/tutorial or course,Webinar,Online learning/research community","Midday,Afternoon","Midday,Afternoon","Midday,Afternoon",Afternoon,"Midday,Afternoon","E-Mail,Facebook"
TRUE,Faculty Member,,,,,"Educational Leadership, Policy and Foundations",Yes,Extremely knowledgeable,Slightly knowledgeable,Moderately knowledgeable,Extremely knowledgeable,Not knowledgeable at all,Not knowledgeable at all,Not knowledgeable at all,Slightly knowledgeable,Not knowledgeable at all,Would NOT attend,Would NOT attend,Would NOT attend,Would attend,Would NOT attend,Would attend,Would attend,Would attend,Would attend,Would attend,,,In-person taught by instructor,Morning,Morning,Morning,Morning,Morning,E-Mail
TRUE,Postgraduate Researcher,,,,,Statistics,Yes,Extremely knowledgeable,Extremely knowledgeable,Extremely knowledgeable,Slightly knowledgeable,Moderately knowledgeable,Moderately knowledgeable,Extremely knowledgeable,Extremely knowledgeable,Slightly knowledgeable,Might attend,Would NOT attend,Might attend,Would attend,Would attend,Might attend,Would NOT attend,Would attend,Would NOT attend,Would attend,,,"In-person taught by instructor,Small interest group,Online learning/research community",Morning,"Morning,Midday,Afternoon,Evening",Morning,"Morning,Midday,Afternoon,Evening",Morning,"E-Mail,Informatics Institute Website,Facebook,Twitter"
TRUE,Faculty Member,,,,,Wildlife Ecology and Conservation,No,Moderately knowledgeable,Not knowledgeable at all,Moderately knowledgeable,Not knowledgeable at all,N/A,N/A,N/A,N/A,Slightly knowledgeable,Would NOT attend,Would NOT attend,Would NOT attend,Would NOT attend,Would NOT attend,Would NOT attend,Would NOT attend,Would NOT attend,Would NOT attend,Might attend,,,"In-person taught by instructor,Online information portal,Online video/tutorial or course",Midday,Midday,Midday,Midday,Midday,E-Mail
TRUE,Master's Candidate,,Full-time student,,2,Information Systems and Operations Management,No,Slightly knowledgeable,Moderately knowledgeable,Slightly knowledgeable,Moderately knowledgeable,Slightly knowledgeable,Moderately knowledgeable,Moderately knowledgeable,Moderately knowledgeable,Not knowledgeable at all,Would attend,Would attend,Would attend,Would attend,Would attend,Would attend,Would attend,Would attend,Would attend,Would attend,Might attend,,"In-person taught by instructor,Online information portal","Afternoon,Evening","Afternoon,None",,"Midday,Evening","Afternoon,Evening","E-Mail,Informatics Institute Website"
TRUE,Master's Candidate,,Part-time student,,1,Soil and Water Science,No,Slightly knowledgeable,Slightly knowledgeable,Slightly knowledgeable,Slightly knowledgeable,Slightly knowledgeable,Slightly knowledgeable,Not knowledgeable at all,Slightly knowledgeable,Slightly knowledgeable,Would NOT attend,Would attend,Might attend,Would attend,Would NOT attend,Might attend,Would attend,Might attend,Might attend,Would NOT attend,,,Online learning/research community,Evening,,,Evening,"Morning,Afternoon,Evening",E-Mail
TRUE,Ph.D Candidate,,Full-time student,,5,Mechanical and Aerospace Engineering,No,Moderately knowledgeable,Moderately knowledgeable,Slightly knowledgeable,Slightly knowledgeable,Not knowledgeable at all,Not knowledgeable at all,Not knowledgeable at all,Not knowledgeable at all,Not knowledgeable at all,Would NOT attend,Would attend,Would attend,Would attend,Might attend,Would attend,Would attend,Would attend,Would attend,Would attend,,,"In-person taught by instructor,Online information portal,Online video/tutorial or course,Webinar,Online learning/research community",,,,Evening,Evening,E-Mail
TRUE,Postgraduate Researcher,,,,,Wildlife Ecology and Conservation,No,Moderately knowledgeable,Moderately knowledgeable,Extremely knowledgeable,Moderately knowledgeable,Moderately knowledgeable,Moderately knowledgeable,Moderately knowledgeable,Extremely knowledgeable,Extremely knowledgeable,Would NOT attend,Would attend,Would attend,Would attend,Would NOT attend,Would attend,Would attend,Might attend,Would attend,Would NOT attend,Would attend,Bamm,"In-person taught by instructor,Online information portal,Online video/tutorial or course,Webinar","Morning,Afternoon,Evening","Morning,Afternoon,Evening","Morning,Afternoon,Evening","Morning,Afternoon,Evening","Morning,Afternoon,Evening",E-Mail
TRUE,Ph.D Candidate,,Full-time student,,3,Human Development and Organizational Studies in Education,No,Moderately knowledgeable,Moderately knowledgeable,Slightly knowledgeable,Slightly knowledgeable,Not knowledgeable at all,Slightly knowledgeable,Not knowledgeable at all,Slightly knowledgeable,Not knowledgeable at all,,Would attend,Would attend,Would attend,Would attend,Would attend,Would attend,Would attend,Would attend,Would attend,,,"In-person taught by instructor,Online information portal,Online video/tutorial or course,Webinar,Online learning/research community","Morning,Evening","Morning,Evening","Morning,Evening","Morning,Evening","Morning,Evening",E-Mail
TRUE,Undergraduate Student,,Full-time student,Sophomore,,"Finance, Insurance and Real Estate",No,Moderately knowledgeable,Moderately knowledgeable,Not knowledgeable at all,Not knowledgeable at all,Not knowledgeable at all,Not knowledgeable at all,Not knowledgeable at all,Not knowledgeable at all,Not knowledgeable at all,Would NOT attend,Might attend,Might attend,Might attend,Would NOT attend,Would NOT attend,Would NOT attend,Would NOT attend,Would NOT attend,Would NOT attend,,,"In-person taught by instructor,Online video/tutorial or course,Webinar",Afternoon,Afternoon,Afternoon,Morning,Afternoon,E-Mail
TRUE,Faculty Member,,,,,Wildlife Ecology and Conservation,No,Moderately knowledgeable,Slightly knowledgeable,Moderately knowledgeable,Not knowledgeable at all,Not knowledgeable at all,Slightly knowledgeable,Not knowledgeable at all,Not knowledgeable at all,Slightly knowledgeable,Would NOT attend,Would NOT attend,Might attend,Might attend,Would NOT attend,Might attend,Might attend,Might attend,Would attend,Might attend,,,"In-person taught by instructor,Small interest group",,Afternoon,,Afternoon,,E-Mail
TRUE,Master's Candidate,,Full-time student,,1,Information Systems and Operations Management,No,Slightly knowledgeable,Slightly knowledgeable,Slightly knowledgeable,Not knowledgeable at all,Not knowledgeable at all,Not knowledgeable at all,Not knowledgeable at all,Not knowledgeable at all,Not knowledgeable at all,Would attend,Would attend,Would attend,Would attend,Would attend,Would attend,Would attend,Would attend,Would attend,Would attend,Would attend,,"In-person taught by instructor,Online information portal,Online video/tutorial or course,Webinar,Small interest group,Online learning/research community",None,"Morning,Midday,Afternoon,Evening",None,"Morning,Midday,Afternoon,Evening","Morning,Afternoon,Evening","E-Mail,Facebook"
TRUE,Faculty Member,,,,,Nursing,No,Moderately knowledgeable,Slightly knowledgeable,Slightly knowledgeable,Moderately knowledgeable,Not knowledgeable at all,Moderately knowledgeable,Not knowledgeable at all,Not knowledgeable at all,Not knowledgeable at all,Would NOT attend,Would NOT attend,Would NOT attend,Would NOT attend,Would NOT attend,Would NOT attend,Might attend,Would NOT attend,Might attend,Might attend,,,Online video/tutorial or course,Evening,Evening,Evening,Evening,Evening,E-Mail
TRUE,Master's Candidate,,,,2,Industrial and Systems Engineering,No,Moderately knowledgeable,Moderately knowledgeable,Moderately knowledgeable,Not knowledgeable at all,Moderately knowledgeable,Moderately knowledgeable,Slightly knowledgeable,Not knowledgeable at all,Not knowledgeable at all,Would NOT attend,Might attend,Would NOT attend,Might attend,,Would attend,Would attend,Would attend,Would attend,Would attend,,,"In-person taught by instructor,Online information portal,Online video/tutorial or course,Webinar,Small interest group,Online learning/research community",,,,Evening,"Afternoon,Evening",E-Mail
TRUE,Undergraduate Student,,Full-time student,Senior,,Economics,No,Moderately knowledgeable,Slightly knowledgeable,Slightly knowledgeable,Not knowledgeable at all,Not knowledgeable at all,Not knowledgeable at all,Not knowledgeable at all,Not knowledgeable at all,Not knowledgeable at all,Would attend,Would attend,Would attend,Would attend,Might attend,Might attend,Would attend,Would attend,Might attend,Might attend,,,"In-person taught by instructor,Webinar,Small interest group",Evening,"Morning,Evening",Evening,Evening,"Morning,Afternoon","E-Mail,Facebook"
TRUE,Other,Postdoc,,,,Biology,No,Extremely knowledgeable,Moderately knowledgeable,Moderately knowledgeable,Slightly knowledgeable,Not knowledgeable at all,Moderately knowledgeable,Moderately knowledgeable,Slightly knowledgeable,Extremely knowledgeable,Would NOT attend,Would NOT attend,Might attend,Would NOT attend,,Would attend,Would attend,Would NOT attend,Would attend,Would attend,,,"In-person taught by instructor,Small interest group",,,,,,E-Mail
TRUE,Other,Alumni,,,,Computer and Information Science and Engineering,Yes,Moderately knowledgeable,Extremely knowledgeable,Moderately knowledgeable,Slightly knowledgeable,Moderately knowledgeable,Moderately knowledgeable,Moderately knowledgeable,Extremely knowledgeable,Not knowledgeable at all,Might attend,Would NOT attend,Would NOT attend,Might attend,,Would attend,,,,Would attend,,Machine Learning/ Data Science in Industry,"Online information portal,Online video/tutorial or course,Webinar,Online learning/research community",Evening,Evening,Evening,Evening,Evening,E-Mail
TRUE,Master's Candidate,,Part-time student,,3,Pharmaceutics,No,Not knowledgeable at all,Not knowledgeable at all,Not knowledgeable at all,Slightly knowledgeable,Not knowledgeable at all,Not knowledgeable at all,Not knowledgeable at all,Not knowledgeable at all,Not knowledgeable at all,Might attend,Might attend,Might attend,Might attend,Might attend,Might attend,Might attend,Might attend,Might attend,Might attend,,,"In-person taught by instructor,Online information portal,Online video/tutorial or course,Webinar,Small interest group,Online learning/research community","Morning,Evening",Morning,"Morning,Evening",None,None,E-Mail
TRUE,Ph.D Candidate,,Full-time student,,3,Human Development and Organizational Studies in Education,No,Moderately knowledgeable,Slightly knowledgeable,Slightly knowledgeable,Extremely knowledgeable,Slightly knowledgeable,Moderately knowledgeable,Slightly knowledgeable,Slightly knowledgeable,Slightly knowledgeable,Would NOT attend,Might attend,Would attend,Might attend,Might attend,Might attend,Might attend,Might attend,Might attend,Might attend,,,"In-person taught by instructor,Online information portal,Small interest group",Morning,,Morning,,,"E-Mail,Facebook"
TRUE,Other,PhD student ,,,,Agricultural and Biological Engineering,No,Moderately knowledgeable,Moderately knowledgeable,Moderately knowledgeable,Slightly knowledgeable,Not knowledgeable at all,Slightly knowledgeable,Not knowledgeable at all,Not knowledgeable at all,Not knowledgeable at all,Would NOT attend,Might attend,Would attend,Would attend,Might attend,Would attend,Might attend,Would attend,Might attend,Might attend,,,"In-person taught by instructor,Online video/tutorial or course,Webinar,Online learning/research community",Evening,"Morning,Midday,Afternoon,Evening",Evening,"Morning,Midday,Afternoon,Evening",Evening,"E-Mail,Other"
TRUE,Undergraduate Student,,Full-time student,Senior,,Statistics,Yes,Extremely knowledgeable,Moderately knowledgeable,Moderately knowledgeable,Slightly knowledgeable,Moderately knowledgeable,Slightly knowledgeable,Slightly knowledgeable,Moderately knowledgeable,Slightly knowledgeable,Might attend,Would attend,Would attend,Would attend,Would attend,Would attend,Would attend,Would attend,Would attend,Would attend,Would attend,Machine Learning and Artificial Intelligence,"In-person taught by instructor,Online information portal,Online video/tutorial or course,Small interest group",Evening,"Morning,Afternoon,Evening",Evening,"Morning,Afternoon,Evening",Evening,"E-Mail,Facebook"
TRUE,Master's Candidate,,Full-time student,,1,Computer and Information Science and Engineering,No,Slightly knowledgeable,Moderately knowledgeable,Moderately knowledgeable,Moderately knowledgeable,Moderately knowledgeable,Moderately knowledgeable,Moderately knowledgeable,Slightly knowledgeable,Not knowledgeable at all,Might attend,Would attend,Would attend,Would attend,Would attend,Would attend,Would attend,Would attend,Would attend,Would attend,,,"In-person taught by instructor,Online video/tutorial or course,Online learning/research community","Morning,Evening",Morning,Morning,Morning,Morning,"E-Mail,Facebook"
TRUE,Master's Candidate,,Full-time student,,1,Computer and Information Science and Engineering,No,Slightly knowledgeable,Extremely knowledgeable,Not knowledgeable at all,Not knowledgeable at all,Slightly knowledgeable,Moderately knowledgeable,Not knowledgeable at all,Moderately knowledgeable,Not knowledgeable at all,Would attend,Might attend,Would attend,Would attend,Would attend,Would attend,Might attend,Would attend,Might attend,Might attend,,,"Webinar,Small interest group,Online learning/research community","Morning,Midday,Afternoon",None,"Morning,Midday,Afternoon",None,"Morning,Midday,Afternoon",E-Mail
TRUE,Undergraduate Student,,Full-time student,Sophomore,,Political Science,No,Slightly knowledgeable,Not knowledgeable at all,Slightly knowledgeable,Not knowledgeable at all,Not knowledgeable at all,Not knowledgeable at all,Not knowledgeable at all,Not knowledgeable at all,Not knowledgeable at all,Would attend,Would attend,Would attend,Would attend,Might attend,Might attend,Might attend,Might attend,Might attend,Might attend,,,"In-person taught by instructor,Small interest group",Evening,"Afternoon,Evening","Afternoon,Evening","Afternoon,Evening","Midday,Afternoon,Evening","E-Mail,Facebook"
TRUE,Undergraduate Student,,Full-time student,Junior,,Computer and Information Science and Engineering,Yes,Slightly knowledgeable,Extremely knowledgeable,Moderately knowledgeable,Slightly knowledgeable,Moderately knowledgeable,Moderately knowledgeable,Slightly knowledgeable,Extremely knowledgeable,Not knowledgeable at all,Would attend,Would attend,Would attend,Might attend,Might attend,Would attend,Might attend,Would attend,Might attend,Would NOT attend,,,"In-person taught by instructor,Small interest group",Evening,"Midday,Afternoon,Evening",Evening,"Midday,Afternoon,Evening",Evening,"E-Mail,Facebook"
TRUE,Master's Candidate,,Full-time student,,1,Computer and Information Science and Engineering,No,Slightly knowledgeable,Moderately knowledgeable,Slightly knowledgeable,Slightly knowledgeable,Not knowledgeable at all,Moderately knowledgeable,Slightly knowledgeable,Not knowledgeable at all,Not knowledgeable at all,Would attend,Would attend,Would attend,Would attend,Might attend,Would attend,Might attend,Would attend,Would attend,Might attend,,,"In-person taught by instructor,Online video/tutorial or course,Small interest group","Afternoon,Evening","Afternoon,Evening","Afternoon,Evening","Afternoon,Evening","Afternoon,Evening","E-Mail,Facebook"
TRUE,Undergraduate Student,,Full-time student,Freshman,,Statistics,Yes,Moderately knowledgeable,Slightly knowledgeable,Not knowledgeable at all,Not knowledgeable at all,Not knowledgeable at all,Not knowledgeable at all,Not knowledgeable at all,Not knowledgeable at all,Not knowledgeable at all,Would attend,Would attend,Would attend,Would attend,Would attend,Would attend,Would attend,Would attend,Would attend,Would attend,,,"In-person taught by instructor,Online information portal,Online video/tutorial or course",Evening,Evening,Evening,,,"E-Mail,Informatics Institute Website,Facebook,Twitter,Flyer"
TRUE,Undergraduate Student,,Full-time student,Junior,,Industrial and Systems Engineering,No,Moderately knowledgeable,Slightly knowledgeable,Slightly knowledgeable,Moderately knowledgeable,Not knowledgeable at all,Not knowledgeable at all,Not knowledgeable at all,Not knowledgeable at all,Not knowledgeable at all,Might attend,Would attend,Would attend,Would attend,Might attend,Would attend,Would attend,Would attend,Would attend,Would attend,,,"In-person taught by instructor,Online information portal,Online video/tutorial or course",None,"Afternoon,Evening",None,"Afternoon,Evening",Afternoon,"E-Mail,Facebook"
TRUE,Undergraduate Student,,Full-time student,Junior,,Economics,No,Moderately knowledgeable,Slightly knowledgeable,Not knowledgeable at all,Slightly knowledgeable,Not knowledgeable at all,Not knowledgeable at all,Not knowledgeable at all,Not knowledgeable at all,Not knowledgeable at all,Would NOT attend,Would attend,Would attend,Might attend,Would NOT attend,Would NOT attend,Would attend,Might attend,Might attend,Would attend,Might attend,,"In-person taught by instructor,Online video/tutorial or course,Small interest group",Evening,"Morning,Midday,Afternoon,Evening",Evening,"Morning,Midday,Afternoon,Evening",Evening,"E-Mail,Facebook"
TRUE,Faculty Member,,,,,Anthropology,No,Not knowledgeable at all,Not knowledgeable at all,Not knowledgeable at all,Not knowledgeable at all,Not knowledgeable at all,Slightly knowledgeable,Not knowledgeable at all,Not knowledgeable at all,Not knowledgeable at all,Might attend,Might attend,Might attend,Might attend,Would NOT attend,Would NOT attend,Would attend,Might attend,Would NOT attend,Might attend,,,"Online video/tutorial or course,Webinar",Midday,Midday,Midday,,Midday,E-Mail
TRUE,Undergraduate Student,,Full-time student,Freshman,,Computer and Information Science and Engineering,No,Slightly knowledgeable,Moderately knowledgeable,Not knowledgeable at all,Not knowledgeable at all,Not knowledgeable at all,Not knowledgeable at all,Not knowledgeable at all,Slightly knowledgeable,Not knowledgeable at all,Would attend,Would attend,Would attend,Would attend,Might attend,Would attend,Would attend,Would attend,Might attend,Might attend,,,"In-person taught by instructor,Online information portal,Online video/tutorial or course,Online learning/research community","Morning,Midday","Morning,Evening","Morning,Midday","Midday,Evening",Midday,"E-Mail,Facebook"
TRUE,Undergraduate Student,,Full-time student,Sophomore,,Statistics,No,Extremely knowledgeable,Slightly knowledgeable,Slightly knowledgeable,Moderately knowledgeable,Not knowledgeable at all,Not knowledgeable at all,Not knowledgeable at all,Not knowledgeable at all,Not knowledgeable at all,Might attend,Would attend,Would attend,Would attend,Would attend,Would attend,Would attend,Would attend,Would attend,Might attend,,,"In-person taught by instructor,Online information portal,Online video/tutorial or course,Small interest group,Online learning/research community","Afternoon,Evening","Afternoon,Evening","Evening,None","Afternoon,Evening","Afternoon,Evening","E-Mail,Informatics Institute Website"
TRUE,Staff,,,,,Urban and Regional Planning,No,Moderately knowledgeable,Not knowledgeable at all,Moderately knowledgeable,Slightly knowledgeable,Not knowledgeable at all,Moderately knowledgeable,Not knowledgeable at all,Not knowledgeable at all,Not knowledgeable at all,Would attend,Would attend,Would attend,Would attend,Would attend,Might attend,Would attend,Would attend,Would attend,Would attend,,,"In-person taught by instructor,Online information portal,Online video/tutorial or course,Webinar","Midday,Afternoon","Midday,Afternoon","Midday,Afternoon","Midday,Afternoon","Midday,Afternoon",E-Mail
TRUE,Undergraduate Student,,Full-time student,Junior,,Statistics,No,Moderately knowledgeable,Slightly knowledgeable,Slightly knowledgeable,Slightly knowledgeable,Moderately knowledgeable,Slightly knowledgeable,Slightly knowledgeable,Slightly knowledgeable,Not knowledgeable at all,Would NOT attend,Might attend,Might attend,Might attend,Might attend,Might attend,Might attend,Might attend,Would NOT attend,Might attend,,,"Small interest group,Online learning/research community","Afternoon,Evening",,"Afternoon,Evening",,,Facebook
TRUE,Master's Candidate,,Full-time student,,1,Computer and Information Science and Engineering,No,Not knowledgeable at all,Extremely knowledgeable,Not knowledgeable at all,Moderately knowledgeable,Not knowledgeable at all,Slightly knowledgeable,Not knowledgeable at all,Moderately knowledgeable,Not knowledgeable at all,Might attend,Might attend,Would attend,Would attend,Might attend,Might attend,Would attend,Would attend,Would attend,Might attend,Would attend,Machine Learning,"In-person taught by instructor,Online video/tutorial or course",Evening,Evening,Evening,Evening,Evening,"E-Mail,Facebook"
FALSE,,,,,,,,,,,,,,,,,,,,,,,,,,,,,,,,,,,
TRUE,Ph.D Candidate,,Full-time student,,2,Biomedical Engineering,Yes,Slightly knowledgeable,Slightly knowledgeable,Not knowledgeable at all,N/A,Not knowledgeable at all,Not knowledgeable at all,Not knowledgeable at all,Not knowledgeable at all,Not knowledgeable at all,,Would attend,Would attend,Might attend,Might attend,Might attend,Would attend,Might attend,Might attend,Might attend,,,"In-person taught by instructor,Online information portal,Online video/tutorial or course,Small interest group,Online learning/research community",Midday,"Morning,Afternoon",Afternoon,"Morning,Afternoon","Morning,Midday,Afternoon","E-Mail,Facebook"
FALSE,Ph.D Candidate,,,,,,,,,,,,,,,,,,,,,,,,,,,,,,,,,,
FALSE,,,,,,,,,,,,,,,,,,,,,,,,,,,,,,,,,,,
TRUE,Undergraduate Student,,Full-time student,Freshman,,Computer and Information Science and Engineering,No,Slightly knowledgeable,Moderately knowledgeable,Slightly knowledgeable,Slightly knowledgeable,Slightly knowledgeable,Slightly knowledgeable,N/A,Not knowledgeable at all,Not knowledgeable at all,Would NOT attend,Would NOT attend,Would attend,Might attend,Would attend,Might attend,Might attend,Would NOT attend,Would attend,Might attend,,,"In-person taught by instructor,Online video/tutorial or course,Small interest group,Online learning/research community","Afternoon,Evening",Evening,Evening,Evening,Evening,E-Mail
TRUE,Master's Candidate,,Full-time student,,1,Industrial and Systems Engineering,No,Not knowledgeable at all,Not knowledgeable at all,Not knowledgeable at all,Not knowledgeable at all,Not knowledgeable at all,Not knowledgeable at all,Not knowledgeable at all,Not knowledgeable at all,Not knowledgeable at all,Would attend,Might attend,Would attend,Might attend,Would attend,Would attend,Would attend,Would attend,Might attend,Might attend,,,"In-person taught by instructor,Online video/tutorial or course,Small interest group","Afternoon,Evening",,"Afternoon,Evening",,,"E-Mail,Facebook"
TRUE,Master's Candidate,,Full-time student,,1,Computer and Information Science and Engineering,No,Moderately knowledgeable,Moderately knowledgeable,Moderately knowledgeable,Not knowledgeable at all,Slightly knowledgeable,Slightly knowledgeable,Slightly knowledgeable,Moderately knowledgeable,Not knowledgeable at all,Might attend,Might attend,Might attend,Would attend,Would attend,Would attend,Might attend,Would attend,Would NOT attend,Might attend,,,"In-person taught by instructor,Online video/tutorial or course,Webinar,Small interest group,Online learning/research community","Midday,Afternoon","Midday,Afternoon","Midday,Afternoon","Midday,Afternoon","Midday,Afternoon","E-Mail,Facebook"
TRUE,Ph.D Candidate,,Full-time student,,4,Statistics,Yes,Extremely knowledgeable,Moderately knowledgeable,Moderately knowledgeable,Not knowledgeable at all,Not knowledgeable at all,Slightly knowledgeable,Moderately knowledgeable,Not knowledgeable at all,Not knowledgeable at all,Would NOT attend,Might attend,Would attend,Would attend,Would NOT attend,Might attend,Would attend,Would attend,Would attend,Would NOT attend,,,"In-person taught by instructor,Online information portal,Online video/tutorial or course",Midday,Evening,"Midday,Afternoon,Evening",Evening,"Morning,Midday,Afternoon,Evening",E-Mail
TRUE,Master's Candidate,,Full-time student,,1,Computer and Information Science and Engineering,Yes,Moderately knowledgeable,Extremely knowledgeable,Moderately knowledgeable,Slightly knowledgeable,Moderately knowledgeable,Slightly knowledgeable,Slightly knowledgeable,Slightly knowledgeable,Not knowledgeable at all,Would attend,Would NOT attend,Would NOT attend,Would attend,Would NOT attend,Would attend,Would attend,Would attend,Would attend,Might attend,,,In-person taught by instructor,Evening,,Evening,,Evening,Facebook
TRUE,Faculty Member,,,,,Genetics and Genomics,Yes,Moderately knowledgeable,Extremely knowledgeable,Moderately knowledgeable,Not knowledgeable at all,Slightly knowledgeable,Extremely knowledgeable,Slightly knowledgeable,Extremely knowledgeable,Not knowledgeable at all,Might attend,Might attend,Might attend,Would attend,Would NOT attend,Would NOT attend,Would NOT attend,Would NOT attend,Might attend,Might attend,,,"In-person taught by instructor,Online information portal,Online video/tutorial or course,Webinar",,,,,,E-Mail
TRUE,Undergraduate Student,,Full-time student,Sophomore,,Information Systems and Operations Management,No,Moderately knowledgeable,Slightly knowledgeable,Moderately knowledgeable,Not knowledgeable at all,Slightly knowledgeable,Slightly knowledgeable,Not knowledgeable at all,Not knowledgeable at all,Not knowledgeable at all,Might attend,Would attend,Would attend,Would attend,Would attend,Would attend,Would attend,Would attend,Would attend,Would attend,,,"In-person taught by instructor,Small interest group","Afternoon,Evening","Afternoon,Evening",Evening,"Afternoon,Evening","Afternoon,Evening","E-Mail,Facebook"
TRUE,Other,Senior Certificate Student,,,,Computer and Information Science and Engineering,No,Moderately knowledgeable,Extremely knowledgeable,Moderately knowledgeable,Moderately knowledgeable,Moderately knowledgeable,Extremely knowledgeable,Extremely knowledgeable,Extremely knowledgeable,Slightly knowledgeable,Would attend,Would attend,Would attend,Would attend,Would attend,Would attend,Would attend,Would attend,Would attend,Would attend,Would attend,,"In-person taught by instructor,Small interest group",Afternoon,Afternoon,Afternoon,Afternoon,Afternoon,E-Mail
TRUE,Undergraduate Student,,Full-time student,Freshman,,Physics,No,Slightly knowledgeable,Slightly knowledgeable,Not knowledgeable at all,Moderately knowledgeable,Slightly knowledgeable,Not knowledgeable at all,Not knowledgeable at all,Not knowledgeable at all,Not knowledgeable at all,Would attend,Would attend,Would attend,Would attend,Would NOT attend,Might attend,Would attend,Would attend,Would attend,Might attend,,,"In-person taught by instructor,Online video/tutorial or course,Online learning/research community",Midday,Evening,Midday,None,None,"E-Mail,Facebook"
TRUE,Undergraduate Student,,Full-time student,Junior,,Microbiology and Cell Science,No,Slightly knowledgeable,Moderately knowledgeable,Moderately knowledgeable,Not knowledgeable at all,Not knowledgeable at all,Not knowledgeable at all,Not knowledgeable at all,Slightly knowledgeable,N/A,Might attend,Might attend,Would attend,Would attend,Would NOT attend,Would NOT attend,Would NOT attend,Would NOT attend,Might attend,Would NOT attend,,,"Online information portal,Online video/tutorial or course",Evening,Evening,Evening,Evening,Evening,"E-Mail,Twitter"
TRUE,Postgraduate Researcher,,,,,Neurology,No,Moderately knowledgeable,Slightly knowledgeable,Slightly knowledgeable,Slightly knowledgeable,Slightly knowledgeable,Slightly knowledgeable,Slightly knowledgeable,Not knowledgeable at all,Slightly knowledgeable,Might attend,Might attend,Would attend,,Might attend,Would attend,Would attend,Might attend,Would attend,Might attend,,,"In-person taught by instructor,Online information portal,Online video/tutorial or course,Webinar,Online learning/research community",,,,,,E-Mail
TRUE,Undergraduate Student,,Full-time student,Sophomore,,Mathematics,No,Slightly knowledgeable,Slightly knowledgeable,,Slightly knowledgeable,Moderately knowledgeable,Not knowledgeable at all,Not knowledgeable at all,Not knowledgeable at all,Not knowledgeable at all,Would NOT attend,Would attend,Would attend,Might attend,Might attend,,Would attend,Might attend,Might attend,,Would NOT attend,,Online video/tutorial or course,None,None,Evening,"Afternoon,Evening",Evening,"E-Mail,Facebook"
TRUE,Ph.D Candidate,,Full-time student,,2,Mechanical and Aerospace Engineering,Yes,Moderately knowledgeable,Moderately knowledgeable,Moderately knowledgeable,Not knowledgeable at all,Not knowledgeable at all,Not knowledgeable at all,Not knowledgeable at all,Moderately knowledgeable,N/A,Would attend,Might attend,Might attend,Would attend,Would NOT attend,Would NOT attend,Would NOT attend,Might attend,Would attend,Would NOT attend,,,"Online information portal,Online video/tutorial or course,Webinar,Small interest group","Midday,Afternoon,Evening","Morning,Midday,Afternoon",None,"Morning,Midday,Afternoon","Morning,Midday,Afternoon,Evening","E-Mail,Informatics Institute Website"
TRUE,Staff,,,,,Agricultural and Biological Engineering,No,Slightly knowledgeable,Moderately knowledgeable,Moderately knowledgeable,Not knowledgeable at all,Not knowledgeable at all,Slightly knowledgeable,Slightly knowledgeable,Moderately knowledgeable,Slightly knowledgeable,Might attend,Would attend,Would attend,Would attend,Might attend,Might attend,Might attend,Might attend,Might attend,Might attend,,,"In-person taught by instructor,Online information portal,Online video/tutorial or course",Afternoon,Afternoon,Afternoon,Afternoon,Afternoon,E-Mail
TRUE,Undergraduate Student,,Full-time student,Freshman,,Mathematics,No,Extremely knowledgeable,Extremely knowledgeable,Extremely knowledgeable,Extremely knowledgeable,Extremely knowledgeable,Extremely knowledgeable,Extremely knowledgeable,Extremely knowledgeable,Extremely knowledgeable,Would NOT attend,Would NOT attend,Would attend,Would attend,Would NOT attend,Would attend,Would attend,Would NOT attend,Would NOT attend,Would NOT attend,Would NOT attend,,In-person taught by instructor,Evening,"Morning,Midday,Afternoon,Evening",Evening,"Morning,Midday,Evening",Evening,"E-Mail,Facebook"
TRUE,Undergraduate Student,,Full-time student,Freshman,,Electrical and Computer Engineering,Yes,Extremely knowledgeable,Extremely knowledgeable,Extremely knowledgeable,Extremely knowledgeable,Extremely knowledgeable,Extremely knowledgeable,Extremely knowledgeable,Extremely knowledgeable,Extremely knowledgeable,Would attend,Would attend,Would attend,Would attend,Would attend,Would attend,Would attend,Would attend,Would attend,Would attend,,,"In-person taught by instructor,Online video/tutorial or course,Small interest group,Online learning/research community","Afternoon,Evening","Afternoon,Evening","Afternoon,Evening","Afternoon,Evening","Afternoon,Evening","E-Mail,Informatics Institute Website,Facebook"
TRUE,Undergraduate Student,,Full-time student,Freshman,,Statistics,No,Slightly knowledgeable,Moderately knowledgeable,Not knowledgeable at all,Slightly knowledgeable,Not knowledgeable at all,Not knowledgeable at all,Not knowledgeable at all,Not knowledgeable at all,Not knowledgeable at all,Would NOT attend,Would NOT attend,Might attend,Might attend,Would NOT attend,Would NOT attend,Would NOT attend,Would NOT attend,Would NOT attend,Might attend,,,In-person taught by instructor,Evening,Evening,Evening,Evening,,
TRUE,Ph.D Candidate,,Full-time student,,5,Forest Resources and Conservation,No,Moderately knowledgeable,Not knowledgeable at all,Not knowledgeable at all,Moderately knowledgeable,Not knowledgeable at all,Slightly knowledgeable,Slightly knowledgeable,Slightly knowledgeable,Moderately knowledgeable,,Would attend,Would attend,Might attend,Would NOT attend,Might attend,Would attend,Might attend,Might attend,Might attend,,,"In-person taught by instructor,Small interest group,Online learning/research community",Evening,,Evening,Evening,Evening,"E-Mail,Informatics Institute Website,Facebook"
TRUE,Staff,,,,,Economics,No,Slightly knowledgeable,Moderately knowledgeable,Moderately knowledgeable,Not knowledgeable at all,Moderately knowledgeable,Slightly knowledgeable,Slightly knowledgeable,Moderately knowledgeable,Moderately knowledgeable,Would attend,Might attend,Might attend,Would attend,Might attend,Might attend,Would attend,Might attend,Would NOT attend,Would attend,,,"In-person taught by instructor,Online information portal,Online learning/research community",Evening,Evening,Evening,None,Evening,E-Mail
TRUE,Other,,,,,Materials Science and Engineering,Yes,Moderately knowledgeable,Moderately knowledgeable,Moderately knowledgeable,Slightly knowledgeable,Slightly knowledgeable,Slightly knowledgeable,Slightly knowledgeable,Not knowledgeable at all,N/A,Might attend,Might attend,Would attend,Would attend,Would attend,Would attend,Would attend,Would attend,Would attend,Might attend,,,"In-person taught by instructor,Online video/tutorial or course,Small interest group",Evening,,Evening,,Evening,"E-Mail,Facebook"
FALSE,,,,,,,,,,,,,,,,,,,,,,,,,,,,,,,,,,,
TRUE,Undergraduate Student,,Full-time student,Sophomore,,Computer and Information Science and Engineering,No,Slightly knowledgeable,Moderately knowledgeable,Not knowledgeable at all,Slightly knowledgeable,Slightly knowledgeable,Slightly knowledgeable,Not knowledgeable at all,Slightly knowledgeable,Not knowledgeable at all,Might attend,Would attend,Would attend,Would attend,Might attend,Would attend,Would attend,Would attend,Would attend,Might attend,,,In-person taught by instructor,,,Evening,"Morning,Midday,Evening",Evening,"E-Mail,Facebook"
FALSE,Staff,,,,,Health Outcomes and Policy,No,,,,,,,,,,,,,,,,,,,,,,,,,,,,
FALSE,,,,,,,,,,,,,,,,,,,,,,,,,,,,,,,,,,,
FALSE,Faculty Member,,,,,Sociology,No,Extremely knowledgeable,Moderately knowledgeable,Moderately knowledgeable,Moderately knowledgeable,Slightly knowledgeable,Slightly knowledgeable,Slightly knowledgeable,Moderately knowledgeable,Moderately knowledgeable,,,,,,,,,,,,,,,,,,,
TRUE,Master's Candidate,,Full-time student,,2,Electrical and Computer Engineering,No,Not knowledgeable at all,Moderately knowledgeable,Slightly knowledgeable,Not knowledgeable at all,Not knowledgeable at all,Not knowledgeable at all,Not knowledgeable at all,Moderately knowledgeable,Not knowledgeable at all,Would attend,Would attend,Would attend,Would attend,Would attend,Would attend,Would attend,Would attend,Would attend,Would attend,,,"In-person taught by instructor,Online video/tutorial or course,Webinar,Small interest group",Evening,Evening,Evening,Evening,Evening,"E-Mail,Facebook"
TRUE,Other,Dual Enrolled and Volunteer Informatics Genetics Coder,,,,Cancer Biology (IDP),No,Moderately knowledgeable,Extremely knowledgeable,Extremely knowledgeable,Slightly knowledgeable,Moderately knowledgeable,Slightly knowledgeable,Moderately knowledgeable,Moderately knowledgeable,Not knowledgeable at all,Might attend,Would attend,Would attend,Would attend,Might attend,Would attend,Would attend,Would attend,Might attend,Would attend,,,"In-person taught by instructor,Online information portal,Online video/tutorial or course","Afternoon,Evening",,"Afternoon,Evening",Evening,"Afternoon,Evening","E-Mail,Facebook"
FALSE,Master's Candidate,,Full-time student,,1,Materials Science and Engineering,No,,,,,,,,,,,,,,,,,,,,,,,,,,,,
TRUE,Postgraduate Researcher,,,,,Astronomy,No,Moderately knowledgeable,Moderately knowledgeable,Moderately knowledgeable,Slightly knowledgeable,Slightly knowledgeable,Slightly knowledgeable,Slightly knowledgeable,Moderately knowledgeable,Slightly knowledgeable,Would NOT attend,Would NOT attend,Would NOT attend,Might attend,Would NOT attend,Might attend,Would attend,Would attend,Might attend,Would NOT attend,,,Webinar,"Afternoon,Evening","Afternoon,Evening","Afternoon,Evening","Afternoon,Evening","Afternoon,Evening",E-Mail
TRUE,Master's Candidate,,Full-time student,,1,MBA Programs,No,Moderately knowledgeable,Not knowledgeable at all,Moderately knowledgeable,Slightly knowledgeable,Not knowledgeable at all,Slightly knowledgeable,Slightly knowledgeable,Not knowledgeable at all,Not knowledgeable at all,Might attend,Would attend,Might attend,Would attend,Might attend,Might attend,Would attend,Would NOT attend,Would NOT attend,Would NOT attend,,,"In-person taught by instructor,Small interest group","Afternoon,Evening",Evening,"Afternoon,Evening",Evening,"Morning,Midday,Afternoon","E-Mail,Facebook"
TRUE,Undergraduate Student,,Part-time student,Senior,,Industrial and Systems Engineering,No,Moderately knowledgeable,Moderately knowledgeable,Slightly knowledgeable,Slightly knowledgeable,Not knowledgeable at all,Slightly knowledgeable,Not knowledgeable at all,Slightly knowledgeable,Not knowledgeable at all,Might attend,Would NOT attend,Would NOT attend,Might attend,Might attend,Might attend,Might attend,Might attend,Might attend,Would NOT attend,Would attend,Artificial Intelligence/Neural Networks,"In-person taught by instructor,Online information portal,Online video/tutorial or course,Webinar",Evening,Evening,Evening,Evening,Evening,Facebook
TRUE,Undergraduate Student,,Full-time student,Freshman,,Computer and Information Science and Engineering,No,Slightly knowledgeable,Slightly knowledgeable,Not knowledgeable at all,Not knowledgeable at all,Not knowledgeable at all,Not knowledgeable at all,Not knowledgeable at all,Not knowledgeable at all,Not knowledgeable at all,Would attend,Would attend,Would attend,Would attend,Would attend,Might attend,Would attend,Might attend,Would attend,Would attend,Might attend,,"In-person taught by instructor,Online information portal,Online video/tutorial or course","Midday,Afternoon","Midday,Afternoon,Evening","Midday,Afternoon,Evening","Afternoon,Evening","Midday,Afternoon,Evening","E-Mail,Informatics Institute Website,Facebook"
TRUE,Master's Candidate,,Full-time student,,2,Animal Sciences,No,Moderately knowledgeable,Slightly knowledgeable,Slightly knowledgeable,Not knowledgeable at all,Not knowledgeable at all,Not knowledgeable at all,Not knowledgeable at all,Not knowledgeable at all,Not knowledgeable at all,Might attend,Would attend,Would attend,Would attend,Would attend,Would attend,Would attend,Would attend,Would attend,Would attend,Would NOT attend,,In-person taught by instructor,Evening,Evening,Evening,Evening,Evening,E-Mail
TRUE,Staff,,,,,Environmental Engineering Sciences,No,Moderately knowledgeable,Slightly knowledgeable,Slightly knowledgeable,Slightly knowledgeable,Not knowledgeable at all,Not knowledgeable at all,Not knowledgeable at all,Not knowledgeable at all,Extremely knowledgeable,Might attend,Might attend,Would attend,Would attend,Might attend,Might attend,Would attend,Might attend,Might attend,Might attend,,,"In-person taught by instructor,Online information portal,Online video/tutorial or course,Webinar,Small interest group,Online learning/research community",Evening,Evening,Evening,Midday,Midday,"E-Mail,Facebook"
TRUE,Undergraduate Student,,Full-time student,Junior,,Political Science,Yes,Moderately knowledgeable,Moderately knowledgeable,Moderately knowledgeable,Slightly knowledgeable,Slightly knowledgeable,Moderately knowledgeable,Slightly knowledgeable,Slightly knowledgeable,Not knowledgeable at all,Would NOT attend,Might attend,Might attend,Would attend,Might attend,Might attend,Would attend,Might attend,Would attend,Would attend,,,"In-person taught by instructor,Online information portal,Online video/tutorial or course,Small interest group",Afternoon,Morning,"Afternoon,Evening",Morning,Evening,"E-Mail,Facebook"
TRUE,Undergraduate Student,,Full-time student,Senior,,Astronomy,No,Slightly knowledgeable,Moderately knowledgeable,Slightly knowledgeable,Not knowledgeable at all,Not knowledgeable at all,Not knowledgeable at all,Not knowledgeable at all,Not knowledgeable at all,Moderately knowledgeable,Would attend,Would attend,Would attend,Would attend,Might attend,Might attend,Might attend,Might attend,Would attend,Would attend,Would attend,Linux/Unix Command Line Intro,"In-person taught by instructor,Small interest group,Online learning/research community","Afternoon,Evening","Afternoon,Evening","Afternoon,Evening","Afternoon,Evening","Afternoon,Evening","E-Mail,Facebook"
TRUE,Other,Ph.D student,,,,Biomedical Engineering,No,Slightly knowledgeable,Slightly knowledgeable,Slightly knowledgeable,Slightly knowledgeable,Not knowledgeable at all,Not knowledgeable at all,Not knowledgeable at all,Not knowledgeable at all,Not knowledgeable at all,Would attend,Would attend,Would attend,Would attend,Would NOT attend,Might attend,Would NOT attend,Would NOT attend,Would NOT attend,Would NOT attend,Would attend,Matlab,"In-person taught by instructor,Online video/tutorial or course",Evening,Evening,Evening,Evening,Evening,"E-Mail,Facebook"
TRUE,Undergraduate Student,,Full-time student,Senior,,Statistics,No,Moderately knowledgeable,Moderately knowledgeable,Not knowledgeable at all,Not knowledgeable at all,Not knowledgeable at all,Not knowledgeable at all,Not knowledgeable at all,Not knowledgeable at all,Not knowledgeable at all,Would NOT attend,Would attend,Would attend,Might attend,Would attend,Would attend,Would attend,Would attend,Might attend,Might attend,,,"In-person taught by instructor,Online video/tutorial or course,Small interest group","Morning,Evening",Evening,"Afternoon,Evening",,"Morning,Midday,Afternoon,Evening",E-Mail
TRUE,Undergraduate Student,,Full-time student,Senior,,Agricultural and Biological Engineering,No,Slightly knowledgeable,Slightly knowledgeable,Slightly knowledgeable,Moderately knowledgeable,Not knowledgeable at all,Not knowledgeable at all,Not knowledgeable at all,Not knowledgeable at all,Moderately knowledgeable,Would attend,Would attend,Would attend,Would NOT attend,Would NOT attend,Would NOT attend,Might attend,Would NOT attend,Would NOT attend,Would attend,,,In-person taught by instructor,Evening,Evening,Evening,Evening,Evening,E-Mail
TRUE,Faculty Member,,,,,Statistics,Yes,Extremely knowledgeable,Moderately knowledgeable,Extremely knowledgeable,Moderately knowledgeable,Slightly knowledgeable,Slightly knowledgeable,Extremely knowledgeable,Slightly knowledgeable,Slightly knowledgeable,Would NOT attend,Would attend,Would attend,Might attend,Would attend,Would attend,Would attend,Might attend,Would attend,Might attend,,,"In-person taught by instructor,Online information portal,Online video/tutorial or course,Webinar,Small interest group,Online learning/research community",Evening,Evening,Evening,Evening,Evening,"E-Mail,Informatics Institute Website"
TRUE,Ph.D Candidate,,Full-time student,,4,Electrical and Computer Engineering,No,Moderately knowledgeable,Slightly knowledgeable,Moderately knowledgeable,Not knowledgeable at all,Slightly knowledgeable,Not knowledgeable at all,Not knowledgeable at all,Not knowledgeable at all,Not knowledgeable at all,Might attend,Would attend,Would attend,Might attend,Might attend,Might attend,Would attend,Would attend,Would attend,Might attend,,,"In-person taught by instructor,Online information portal,Online video/tutorial or course,Webinar",Evening,Evening,Evening,Evening,,"E-Mail,Facebook"
TRUE,Faculty Member,,,,,Materials Science and Engineering,Yes,Moderately knowledgeable,Extremely knowledgeable,Moderately knowledgeable,Not knowledgeable at all,Not knowledgeable at all,Slightly knowledgeable,Not knowledgeable at all,Moderately knowledgeable,Not knowledgeable at all,Might attend,Would attend,Would attend,Would attend,Would NOT attend,Would NOT attend,Might attend,Might attend,Would attend,Would NOT attend,,,"In-person taught by instructor,Online information portal,Online video/tutorial or course,Small interest group",,"Morning,Midday",,"Morning,Midday",,E-Mail
TRUE,Faculty Member,,,,,Chemistry,Yes,Moderately knowledgeable,Moderately knowledgeable,Slightly knowledgeable,Not knowledgeable at all,Not knowledgeable at all,Not knowledgeable at all,Not knowledgeable at all,Slightly knowledgeable,Not knowledgeable at all,Might attend,Would NOT attend,Would attend,Would attend,Would NOT attend,Would NOT attend,Would NOT attend,Would NOT attend,Would attend,Would NOT attend,,,In-person taught by instructor,"Morning,Midday,Afternoon,Evening",Morning,"Morning,Midday,Afternoon,Evening",Morning,"Morning,Midday,Afternoon,Evening",E-Mail
TRUE,Ph.D Candidate,,Full-time student,,2,Materials Science and Engineering,Yes,Slightly knowledgeable,Slightly knowledgeable,Slightly knowledgeable,Slightly knowledgeable,Slightly knowledgeable,Slightly knowledgeable,Moderately knowledgeable,Slightly knowledgeable,Not knowledgeable at all,Would attend,Would NOT attend,Would NOT attend,Would NOT attend,Would NOT attend,Would NOT attend,Would attend,Would NOT attend,Would NOT attend,Would NOT attend,Would attend,Machine Learning,"In-person taught by instructor,Online video/tutorial or course","Midday,Afternoon,Evening","Morning,Midday,Afternoon","Midday,Evening","Morning,Midday,Evening","Midday,Afternoon,Evening","E-Mail,Informatics Institute Website"
TRUE,Ph.D Candidate,,Full-time student,,4,Agronomy,No,Moderately knowledgeable,Moderately knowledgeable,Moderately knowledgeable,Moderately knowledgeable,Not knowledgeable at all,Slightly knowledgeable,Moderately knowledgeable,Not knowledgeable at all,N/A,Would NOT attend,Would attend,Would attend,Would attend,Would NOT attend,Might attend,Would attend,Might attend,Would attend,Would NOT attend,,,"In-person taught by instructor,Small interest group",Evening,Evening,Evening,,,E-Mail
TRUE,Faculty Member,,,,,Womens Studies,Yes,Moderately knowledgeable,Moderately knowledgeable,Moderately knowledgeable,Moderately knowledgeable,Moderately knowledgeable,Moderately knowledgeable,Moderately knowledgeable,Moderately knowledgeable,Moderately knowledgeable,Might attend,Might attend,Might attend,Might attend,Might attend,Might attend,Might attend,Might attend,Might attend,Might attend,Might attend,,"In-person taught by instructor,Online information portal,Online video/tutorial or course,Webinar,Small interest group",,,,,,E-Mail
TRUE,Postgraduate Researcher,,,,,Enterpreneurship,No,Moderately knowledgeable,Not knowledgeable at all,Slightly knowledgeable,Extremely knowledgeable,Not knowledgeable at all,Slightly knowledgeable,Slightly knowledgeable,Not knowledgeable at all,Not knowledgeable at all,Would attend,Would attend,Would attend,Might attend,Would attend,Might attend,Would NOT attend,Would attend,Would NOT attend,Would NOT attend,,,"In-person taught by instructor,Online information portal,Small interest group,Online learning/research community","Morning,Midday,Afternoon,Evening","Morning,Afternoon","Morning,Midday,Afternoon,Evening","Morning,Afternoon","Morning,Midday,Afternoon,Evening","E-Mail,Informatics Institute Website"
TRUE,Ph.D Candidate,,Full-time student,,3,Pharmacotherapy and Translational Research,Yes,Moderately knowledgeable,Moderately knowledgeable,Slightly knowledgeable,Slightly knowledgeable,Not knowledgeable at all,Slightly knowledgeable,Not knowledgeable at all,Not knowledgeable at all,Slightly knowledgeable,Would attend,Would attend,Would attend,Would attend,Would NOT attend,Might attend,Would attend,Would attend,Would attend,Might attend,,,"In-person taught by instructor,Online information portal,Online video/tutorial or course,Webinar,Small interest group,Online learning/research community","Morning,Midday,Afternoon,Evening","Morning,Midday,Afternoon,Evening","Morning,Midday,Afternoon,Evening",,"Morning,Midday,Afternoon,Evening",E-Mail
TRUE,Staff,,,,,Urban and Regional Planning,No,Slightly knowledgeable,Not knowledgeable at all,Slightly knowledgeable,Not knowledgeable at all,Not knowledgeable at all,Moderately knowledgeable,Not knowledgeable at all,Not knowledgeable at all,Not knowledgeable at all,Would attend,Would attend,Would attend,Would attend,Would attend,Would attend,Would attend,Would attend,Would attend,Would attend,,,"In-person taught by instructor,Online information portal","Midday,Afternoon","Midday,Afternoon","Midday,Afternoon","Midday,Afternoon","Midday,Afternoon","E-Mail,Flyer"
TRUE,Faculty Member,,,,,Natural Resources and Environment,No,Slightly knowledgeable,Slightly knowledgeable,Slightly knowledgeable,Extremely knowledgeable,Not knowledgeable at all,Slightly knowledgeable,Slightly knowledgeable,Not knowledgeable at all,Not knowledgeable at all,Might attend,Might attend,Might attend,Would attend,Would attend,Would attend,Would NOT attend,Might attend,Would attend,Would attend,Would attend,ECL,"In-person taught by instructor,Webinar",Morning,Morning,Morning,Morning,Morning,E-Mail
TRUE,Ph.D Candidate,,Full-time student,,3,Statistics,Yes,Moderately knowledgeable,Moderately knowledgeable,Slightly knowledgeable,Slightly knowledgeable,Slightly knowledgeable,Slightly knowledgeable,Not knowledgeable at all,Not knowledgeable at all,Not knowledgeable at all,Would NOT attend,Might attend,Would attend,Might attend,Would NOT attend,Would NOT attend,Would NOT attend,Might attend,Would NOT attend,Would NOT attend,Would attend,Network analysis,"In-person taught by instructor,Small interest group",Afternoon,Afternoon,Afternoon,Afternoon,Afternoon,E-Mail
TRUE,Ph.D Candidate,,Full-time student,,4,Biology,No,Slightly knowledgeable,Moderately knowledgeable,Not knowledgeable at all,Not knowledgeable at all,Slightly knowledgeable,Slightly knowledgeable,Moderately knowledgeable,Moderately knowledgeable,Moderately knowledgeable,Would NOT attend,Might attend,Would attend,Might attend,Would NOT attend,Would NOT attend,Would NOT attend,Might attend,Would attend,Would attend,,,"In-person taught by instructor,Small interest group","Morning,Midday,Afternoon,Evening","Morning,Midday,Afternoon,Evening","Morning,Midday,Afternoon,Evening","Morning,Midday,Afternoon,Evening","Morning,Midday,Afternoon,Evening",E-Mail
TRUE,Staff,,,,,"Pathology, Immunology and Laboratory Medicine",No,Slightly knowledgeable,Slightly knowledgeable,Slightly knowledgeable,Slightly knowledgeable,Not knowledgeable at all,Slightly knowledgeable,Not knowledgeable at all,Slightly knowledgeable,Not knowledgeable at all,Would attend,Would attend,Would attend,Would attend,Would attend,Would attend,Would attend,Would NOT attend,Would attend,Would NOT attend,,,"In-person taught by instructor,Small interest group","Morning,Midday",Morning,Morning,,Morning,E-Mail
TRUE,Other,PhD Student,,,,Biology,No,Not knowledgeable at all,Moderately knowledgeable,Slightly knowledgeable,Not knowledgeable at all,Slightly knowledgeable,Slightly knowledgeable,Slightly knowledgeable,Slightly knowledgeable,Slightly knowledgeable,Would attend,Might attend,Might attend,Might attend,Would NOT attend,Might attend,Might attend,Would NOT attend,Would attend,Would attend,,,"In-person taught by instructor,Online information portal,Online video/tutorial or course",Afternoon,Morning,Afternoon,Morning,None,E-Mail
TRUE,Ph.D Candidate,,Full-time student,,3,Biology,No,Slightly knowledgeable,Moderately knowledgeable,Moderately knowledgeable,Not knowledgeable at all,Moderately knowledgeable,Not knowledgeable at all,Not knowledgeable at all,Slightly knowledgeable,N/A,Would NOT attend,Would NOT attend,Would attend,Would attend,Would NOT attend,Might attend,Would attend,Would attend,Would attend,Would NOT attend,,,"In-person taught by instructor,Small interest group","Morning,Midday,Afternoon","Morning,Midday,Afternoon","Morning,Midday,Afternoon","Morning,Midday,Afternoon","Morning,Midday,Afternoon",E-Mail
TRUE,Ph.D Candidate,,Full-time student,,5,Epidemiology,No,Extremely knowledgeable,Slightly knowledgeable,Slightly knowledgeable,Moderately knowledgeable,Slightly knowledgeable,Moderately knowledgeable,Not knowledgeable at all,Slightly knowledgeable,Not knowledgeable at all,Would NOT attend,Would NOT attend,Might attend,Would attend,Would NOT attend,Might attend,Might attend,Would attend,Would NOT attend,Might attend,Would attend,Time series analysis,"In-person taught by instructor,Small interest group","Midday,Afternoon,Evening","Morning,Midday","Morning,Midday","Morning,Midday,Afternoon",,"E-Mail,Facebook"
TRUE,Master's Candidate,,Full-time student,,2,Information Systems and Operations Management,No,Moderately knowledgeable,Extremely knowledgeable,Slightly knowledgeable,Slightly knowledgeable,Slightly knowledgeable,Slightly knowledgeable,Slightly knowledgeable,Slightly knowledgeable,Slightly knowledgeable,Might attend,Might attend,Might attend,Would NOT attend,Would NOT attend,Would NOT attend,Would attend,Would NOT attend,Would NOT attend,Would NOT attend,Would attend,java,"In-person taught by instructor,Online video/tutorial or course,Online learning/research community","Morning,Evening","Morning,Evening","Morning,Evening","Morning,Evening","Morning,Evening",E-Mail
TRUE,Ph.D Candidate,,Full-time student,,4,Anthropology,No,Moderately knowledgeable,Moderately knowledgeable,Extremely knowledgeable,Extremely knowledgeable,Moderately knowledgeable,Moderately knowledgeable,Moderately knowledgeable,Not knowledgeable at all,Not knowledgeable at all,Would NOT attend,Might attend,Might attend,Would attend,Would NOT attend,Would attend,Would attend,Would attend,Might attend,Would attend,,,"In-person taught by instructor,Online information portal,Online video/tutorial or course,Webinar","Morning,Midday,Afternoon,Evening",Evening,"Morning,Midday,Afternoon,Evening",Evening,"Morning,Midday,Afternoon,Evening","E-Mail,Facebook,Twitter"
TRUE,Faculty Member,,,,,Mathematics,Yes,Slightly knowledgeable,Slightly knowledgeable,Moderately knowledgeable,Slightly knowledgeable,Not knowledgeable at all,Not knowledgeable at all,Slightly knowledgeable,Not knowledgeable at all,Not knowledgeable at all,Might attend,Might attend,Would attend,Would attend,Might attend,Might attend,Would NOT attend,Might attend,Might attend,Might attend,,,"In-person taught by instructor,Online video/tutorial or course,Small interest group",,Afternoon,,"Morning,Midday,Afternoon",,E-Mail
TRUE,Faculty Member,,,,,"Family, Youth and Community Sciences",No,Moderately knowledgeable,Not knowledgeable at all,Slightly knowledgeable,Moderately knowledgeable,Not knowledgeable at all,Slightly knowledgeable,Slightly knowledgeable,Slightly knowledgeable,Not knowledgeable at all,Would NOT attend,Would attend,Might attend,Might attend,Might attend,Would attend,Might attend,Might attend,Might attend,Might attend,,,"In-person taught by instructor,Online information portal,Online video/tutorial or course,Webinar,Small interest group,Online learning/research community","Morning,Midday,Afternoon",,"Midday,Afternoon",Afternoon,"Morning,Midday",E-Mail
TRUE,Ph.D Candidate,,Full-time student,,2,Electrical and Computer Engineering,No,Slightly knowledgeable,Slightly knowledgeable,Moderately knowledgeable,Not knowledgeable at all,Slightly knowledgeable,Not knowledgeable at all,Moderately knowledgeable,Not knowledgeable at all,Not knowledgeable at all,Would attend,Would attend,Would attend,Would attend,Might attend,Might attend,Would NOT attend,Might attend,Would NOT attend,Would attend,,,"In-person taught by instructor,Online information portal,Online video/tutorial or course,Webinar,Online learning/research community","Afternoon,Evening","Midday,Afternoon,Evening","Afternoon,Evening","Midday,Afternoon,Evening","Morning,Midday,Afternoon,Evening","E-Mail,Informatics Institute Website,Facebook"
TRUE,Faculty Member,,,,,Food Science and Human Nutrition,Yes,Moderately knowledgeable,Slightly knowledgeable,Moderately knowledgeable,Slightly knowledgeable,Not knowledgeable at all,Moderately knowledgeable,Not knowledgeable at all,Not knowledgeable at all,Not knowledgeable at all,Might attend,Would attend,Would attend,Would attend,Would attend,Might attend,Would attend,Might attend,Would attend,Might attend,,,"Online information portal,Online video/tutorial or course,Small interest group,Online learning/research community",Afternoon,Afternoon,,,Afternoon,E-Mail
TRUE,Ph.D Candidate,,Full-time student,,4,Forest Resources and Conservation,No,Slightly knowledgeable,Slightly knowledgeable,Slightly knowledgeable,Not knowledgeable at all,Not knowledgeable at all,Slightly knowledgeable,Not knowledgeable at all,Slightly knowledgeable,Moderately knowledgeable,Might attend,Would NOT attend,Would attend,Would attend,Might attend,Might attend,Might attend,Might attend,Would attend,Would NOT attend,,,In-person taught by instructor,"Afternoon,Evening","Afternoon,Evening","Afternoon,Evening",Evening,"Midday,Afternoon,Evening",E-Mail
TRUE,Faculty Member,,,,,"Tourism, Recreation and Sport Managment",No,Moderately knowledgeable,Slightly knowledgeable,Slightly knowledgeable,Moderately knowledgeable,Slightly knowledgeable,Slightly knowledgeable,Not knowledgeable at all,Not knowledgeable at all,Moderately knowledgeable,Would NOT attend,Might attend,Might attend,Might attend,Would attend,Might attend,Might attend,Might attend,Would NOT attend,Might attend,,,"In-person taught by instructor,Small interest group",Midday,"Morning,Afternoon",Midday,"Morning,Afternoon",Morning,E-Mail
TRUE,Master's Candidate,,Full-time student,,2,Electrical and Computer Engineering,No,Slightly knowledgeable,Moderately knowledgeable,Slightly knowledgeable,Not knowledgeable at all,Slightly knowledgeable,Not knowledgeable at all,Moderately knowledgeable,Not knowledgeable at all,Not knowledgeable at all,Would NOT attend,Would NOT attend,Would NOT attend,Might attend,Would NOT attend,Would attend,Would attend,Would attend,Would NOT attend,Would attend,,,"In-person taught by instructor,Online information portal,Online video/tutorial or course,Webinar,Small interest group,Online learning/research community",Morning,Morning,Morning,Morning,Morning,"E-Mail,Facebook"
TRUE,Staff,,,,,Agricultural Education and Communication,No,Moderately knowledgeable,Slightly knowledgeable,,Extremely knowledgeable,Not knowledgeable at all,Moderately knowledgeable,Not knowledgeable at all,Not knowledgeable at all,Not knowledgeable at all,Might attend,Would attend,Would attend,Would attend,Would NOT attend,Would attend,Would attend,Would attend,Would attend,Would NOT attend,,,"In-person taught by instructor,Online learning/research community","Morning,Midday","Morning,Midday","Morning,Midday","Morning,Midday","Morning,Midday",E-Mail
TRUE,Undergraduate Student,,Full-time student,Sophomore,,Political Science,Yes,Slightly knowledgeable,Not knowledgeable at all,Moderately knowledgeable,Slightly knowledgeable,Slightly knowledgeable,Slightly knowledgeable,Not knowledgeable at all,Not knowledgeable at all,Slightly knowledgeable,Would NOT attend,Might attend,Might attend,Might attend,Would NOT attend,Might attend,Might attend,Would NOT attend,Would NOT attend,Might attend,,,In-person taught by instructor,Evening,Afternoon,Evening,Afternoon,None,"Facebook,Twitter"
TRUE,Ph.D Candidate,,Full-time student,,4,Computer and Information Science and Engineering,No,Extremely knowledgeable,Extremely knowledgeable,Extremely knowledgeable,Slightly knowledgeable,Moderately knowledgeable,Extremely knowledgeable,Extremely knowledgeable,Extremely knowledgeable,Moderately knowledgeable,Would attend,Would NOT attend,Would NOT attend,Would attend,Would attend,Would attend,Would NOT attend,Would attend,Would NOT attend,Would attend,,,"In-person taught by instructor,Online information portal,Online video/tutorial or course,Webinar,Small interest group,Online learning/research community","Morning,Midday,Afternoon,Evening","Morning,Midday,Evening","Morning,Midday,Afternoon,Evening","Morning,Midday,Evening","Morning,Midday,Afternoon,Evening",E-Mail
TRUE,Faculty Member,,,,,Psychology,No,Moderately knowledgeable,Moderately knowledgeable,Moderately knowledgeable,Slightly knowledgeable,Not knowledgeable at all,Slightly knowledgeable,Not knowledgeable at all,Slightly knowledgeable,Not knowledgeable at all,Would NOT attend,Might attend,Might attend,Would attend,Would NOT attend,Would NOT attend,Might attend,Would NOT attend,Would NOT attend,Would NOT attend,,,"Online video/tutorial or course,Webinar","Midday,Afternoon,Evening",Evening,"Morning,Midday,Afternoon,Evening","Morning,Midday,Afternoon,Evening",Morning,E-Mail
TRUE,Postgraduate Researcher,,,,,"Family, Youth and Community Sciences",No,Slightly knowledgeable,Slightly knowledgeable,Slightly knowledgeable,Moderately knowledgeable,Extremely knowledgeable,Not knowledgeable at all,Slightly knowledgeable,Moderately knowledgeable,Not knowledgeable at all,Would attend,Would attend,Might attend,Would attend,Would attend,Would attend,Might attend,Would attend,,Would attend,,,"In-person taught by instructor,Webinar,Small interest group",Afternoon,Afternoon,Afternoon,Afternoon,Morning,"E-Mail,Informatics Institute Website"
TRUE,Ph.D Candidate,,Full-time student,,2,Wildlife Ecology and Conservation,No,Moderately knowledgeable,Slightly knowledgeable,Moderately knowledgeable,Slightly knowledgeable,Slightly knowledgeable,Moderately knowledgeable,Slightly knowledgeable,Slightly knowledgeable,Slightly knowledgeable,Would attend,Would attend,Would attend,Would attend,Would attend,Would attend,Might attend,Might attend,Would attend,Would attend,,,"In-person taught by instructor,Webinar,Online learning/research community","Morning,Midday,Evening","Morning,Midday,Afternoon,Evening",None,"Morning,Midday,Afternoon,Evening",None,E-Mail
TRUE,Faculty Member,,,,,Computer and Information Science and Engineering,Yes,Moderately knowledgeable,Moderately knowledgeable,Slightly knowledgeable,Not knowledgeable at all,Slightly knowledgeable,Not knowledgeable at all,Moderately knowledgeable,Moderately knowledgeable,Moderately knowledgeable,Would NOT attend,Might attend,Would NOT attend,Might attend,Would NOT attend,Would NOT attend,Would NOT attend,Might attend,Would NOT attend,Might attend,,Spatio-temporal analysis of the environment,"In-person taught by instructor,Online video/tutorial or course,Small interest group",,"Midday,Afternoon",,"Midday,Afternoon",,"E-Mail,Flyer"
TRUE,Master's Candidate,,Full-time student,,2,Computer and Information Science and Engineering,No,Moderately knowledgeable,Moderately knowledgeable,Slightly knowledgeable,Not knowledgeable at all,Not knowledgeable at all,Moderately knowledgeable,Not knowledgeable at all,Moderately knowledgeable,Not knowledgeable at all,Might attend,Would attend,Would attend,Would attend,Might attend,Would attend,Would attend,Would attend,Would attend,Might attend,,,"In-person taught by instructor,Online information portal,Online video/tutorial or course,Webinar,Small interest group,Online learning/research community","Morning,Afternoon","Morning,Afternoon","Morning,Afternoon","Morning,Afternoon","Morning,Afternoon","E-Mail,Facebook"
TRUE,Postgraduate Researcher,,,,,Nursing,Yes,Moderately knowledgeable,Slightly knowledgeable,Not knowledgeable at all,Moderately knowledgeable,Not knowledgeable at all,Slightly knowledgeable,Extremely knowledgeable,Slightly knowledgeable,Not knowledgeable at all,Would NOT attend,Might attend,Would attend,Would attend,Might attend,Would attend,Would attend,Would attend,Would attend,Would attend,Would attend,"Predictive analytics, particularly predictive analytics of narrative/human language data","In-person taught by instructor,Online information portal,Online video/tutorial or course,Webinar,Small interest group,Online learning/research community",Morning,"Midday,Afternoon","Midday,Afternoon","Morning,Midday,Afternoon","Morning,Midday","E-Mail,Informatics Institute Website,Facebook,Flyer"
TRUE,Faculty Member,,,,,Forest Resources and Conservation,No,Moderately knowledgeable,Moderately knowledgeable,Slightly knowledgeable,Slightly knowledgeable,Not knowledgeable at all,Moderately knowledgeable,Not knowledgeable at all,Not knowledgeable at all,Extremely knowledgeable,Would NOT attend,Would NOT attend,Might attend,Would attend,Would attend,Would attend,Might attend,Might attend,Would attend,Would NOT attend,,,"In-person taught by instructor,Online information portal,Online video/tutorial or course,Webinar",Midday,Midday,Midday,Midday,Midday,E-Mail
FALSE,,,,,,,,,,,,,,,,,,,,,,,,,,,,,,,,,,,
FALSE,Ph.D Candidate,,,,,,,,,,,,,,,,,,,,,,,,,,,,,,,,,,
FALSE,,,,,,,,,,,,,,,,,,,,,,,,,,,,,,,,,,,
FALSE,Master's Candidate,,Part-time student,,4,"Languages, Literatures, and Cultures",No,,,,,,,,,,,,,,,,,,,,,,,,,,,,
TRUE,Faculty Member,,,,,Political Science,Yes,Extremely knowledgeable,Extremely knowledgeable,Extremely knowledgeable,Extremely knowledgeable,Moderately knowledgeable,Extremely knowledgeable,Moderately knowledgeable,Moderately knowledgeable,Moderately knowledgeable,Would NOT attend,Would NOT attend,Might attend,Might attend,Would NOT attend,Might attend,Would NOT attend,Would NOT attend,Might attend,Might attend,,,"In-person taught by instructor,Online information portal,Online video/tutorial or course,Small interest group","Morning,Midday,Afternoon",,,"Morning,Midday","Morning,Midday,Afternoon",E-Mail
TRUE,Staff,,,,,Economics,No,Slightly knowledgeable,Moderately knowledgeable,Slightly knowledgeable,Extremely knowledgeable,Not knowledgeable at all,Slightly knowledgeable,Not knowledgeable at all,Not knowledgeable at all,Not knowledgeable at all,Might attend,Might attend,Might attend,Might attend,Would NOT attend,Would NOT attend,Might attend,Might attend,Might attend,Might attend,,,"In-person taught by instructor,Small interest group",Afternoon,Afternoon,Afternoon,Afternoon,,E-Mail
FALSE,Staff,,,,,Agronomy,No,,,,,,,,,,,,,,,,,,,,,,,,,,,,
FALSE,Faculty Member,,,,,Mechanical and Aerospace Engineering,No,,,,,,,,,,,,,,,,,,,,,,,,,,,,
FALSE,Faculty Member,,,,,,,,,,,,,,,,,,,,,,,,,,,,,,,,,,
TRUE,Ph.D Candidate,,Full-time student,,5,Economics,No,Extremely knowledgeable,Moderately knowledgeable,Slightly knowledgeable,Slightly knowledgeable,Moderately knowledgeable,Not knowledgeable at all,Slightly knowledgeable,Slightly knowledgeable,Not knowledgeable at all,Would NOT attend,Might attend,Would attend,Would attend,Would NOT attend,Would attend,Might attend,Might attend,Might attend,Might attend,,,"In-person taught by instructor,Online video/tutorial or course,Small interest group,Online learning/research community",Evening,,Evening,,Morning,E-Mail
TRUE,Ph.D Candidate,,Part-time student,,1,Health Outcomes and Policy,No,Moderately knowledgeable,Extremely knowledgeable,Extremely knowledgeable,Moderately knowledgeable,Extremely knowledgeable,Extremely knowledgeable,Extremely knowledgeable,Extremely knowledgeable,Extremely knowledgeable,Would NOT attend,Might attend,Would attend,Would attend,Would attend,Would attend,Would attend,Would attend,Would attend,Would attend,,,"Online video/tutorial or course,Webinar,Small interest group,Online learning/research community","Midday,Evening","Midday,Evening","Midday,Evening","Midday,Evening","Midday,Evening","E-Mail,Informatics Institute Website,Facebook"
TRUE,Other,"Currently staff, have taken several graduate courses and will be applying to a graduate program.",,,,Teaching and Learning,No,Moderately knowledgeable,Slightly knowledgeable,Slightly knowledgeable,Moderately knowledgeable,Slightly knowledgeable,Slightly knowledgeable,Slightly knowledgeable,Not knowledgeable at all,Slightly knowledgeable,Might attend,Might attend,Might attend,Might attend,Would attend,Would attend,Would attend,Would attend,Might attend,Might attend,,,"In-person taught by instructor,Online video/tutorial or course",Afternoon,Afternoon,,Afternoon,"Morning,Afternoon","E-Mail,Other"
TRUE,Master's Candidate,,Full-time student,,1,"Tourism, Recreation and Sport Managment",No,Extremely knowledgeable,Moderately knowledgeable,Moderately knowledgeable,Moderately knowledgeable,Moderately knowledgeable,Extremely knowledgeable,Extremely knowledgeable,Moderately knowledgeable,Moderately knowledgeable,Would attend,Would attend,Would attend,Would attend,Would attend,Might attend,Might attend,Would attend,Might attend,Would attend,,,"In-person taught by instructor,Small interest group",Evening,Evening,Evening,Evening,Evening,E-Mail
TRUE,Ph.D Candidate,,Full-time student,,3,Occupational Therapy,Yes,Moderately knowledgeable,Not knowledgeable at all,Moderately knowledgeable,Slightly knowledgeable,Not knowledgeable at all,Not knowledgeable at all,Not knowledgeable at all,Not knowledgeable at all,Not knowledgeable at all,Might attend,Would attend,Would attend,Would attend,Would NOT attend,Might attend,Would NOT attend,Might attend,Would NOT attend,Would NOT attend,,,,Evening,Evening,Evening,Evening,Evening,E-Mail
TRUE,Undergraduate Student,,Full-time student,Junior,,Chemistry,No,Moderately knowledgeable,Moderately knowledgeable,Slightly knowledgeable,Not knowledgeable at all,Slightly knowledgeable,Slightly knowledgeable,Moderately knowledgeable,Moderately knowledgeable,Not knowledgeable at all,Might attend,Would NOT attend,Would attend,Would attend,Would NOT attend,Would attend,Would NOT attend,Would NOT attend,Would attend,Would NOT attend,Would NOT attend,,"In-person taught by instructor,Online information portal,Online video/tutorial or course",Evening,"Midday,Afternoon,Evening",None,"Midday,Afternoon,Evening","Afternoon,Evening",E-Mail
TRUE,Ph.D Candidate,,Full-time student,,5,Agricultural and Biological Engineering,No,Moderately knowledgeable,Moderately knowledgeable,Moderately knowledgeable,N/A,Not knowledgeable at all,Moderately knowledgeable,Not knowledgeable at all,Not knowledgeable at all,Moderately knowledgeable,Would NOT attend,Would NOT attend,Would NOT attend,Might attend,Would NOT attend,Might attend,Might attend,Might attend,Would attend,Would NOT attend,,,"In-person taught by instructor,Online information portal,Online video/tutorial or course,Webinar,Small interest group,Online learning/research community","Morning,Midday,Afternoon,Evening","Morning,Afternoon,Evening","Morning,Midday,Afternoon,Evening","Morning,Midday,Afternoon,Evening","Morning,Midday,Afternoon,Evening",E-Mail
TRUE,Postgraduate Researcher,,,,,Materials Science and Engineering,Yes,Moderately knowledgeable,Moderately knowledgeable,Moderately knowledgeable,Not knowledgeable at all,Slightly knowledgeable,Slightly knowledgeable,Slightly knowledgeable,Slightly knowledgeable,Not knowledgeable at all,Would NOT attend,Might attend,Would attend,Would attend,Might attend,Would attend,Might attend,Might attend,Might attend,Would NOT attend,Would attend,Machine Learning,"In-person taught by instructor,Online video/tutorial or course,Small interest group",Afternoon,Afternoon,Afternoon,Afternoon,Afternoon,"E-Mail,Facebook"
TRUE,Faculty Member,,,,,Wildlife Ecology and Conservation,No,Slightly knowledgeable,Moderately knowledgeable,Slightly knowledgeable,Not knowledgeable at all,Slightly knowledgeable,Moderately knowledgeable,Not knowledgeable at all,Moderately knowledgeable,Not knowledgeable at all,Would NOT attend,Would NOT attend,Would NOT attend,Would attend,Might attend,Would attend,Might attend,Might attend,Might attend,Would attend,,,"In-person taught by instructor,Online video/tutorial or course","Midday,Afternoon","Midday,Afternoon","Midday,Afternoon","Midday,Afternoon","Midday,Afternoon","E-Mail,Twitter"
TRUE,Ph.D Candidate,,Full-time student,,3,Forest Resources and Conservation,No,Moderately knowledgeable,Slightly knowledgeable,Moderately knowledgeable,Slightly knowledgeable,Not knowledgeable at all,Slightly knowledgeable,Not knowledgeable at all,Slightly knowledgeable,Moderately knowledgeable,Would NOT attend,Would attend,Would attend,Would attend,Would attend,Would attend,Would attend,Would attend,Would attend,Would attend,Would attend,Java or C++,"In-person taught by instructor,Small interest group",Evening,Evening,Evening,Evening,Evening,E-Mail
TRUE,Postgraduate Researcher,,,,,Civil and Coastal Engineering,No,Moderately knowledgeable,Moderately knowledgeable,Moderately knowledgeable,Moderately knowledgeable,Extremely knowledgeable,Moderately knowledgeable,Moderately knowledgeable,Slightly knowledgeable,Extremely knowledgeable,Would attend,Would attend,Would attend,Would attend,Would attend,Would attend,Would attend,Would attend,Would attend,Would attend,,,"Online information portal,Online video/tutorial or course,Webinar,Online learning/research community","Midday,Evening","Midday,Evening","Midday,Evening","Midday,Evening","Midday,Evening","E-Mail,Informatics Institute Website"
TRUE,Ph.D Candidate,,Full-time student,,3,"Tourism, Recreation and Sport Managment",No,Moderately knowledgeable,Slightly knowledgeable,Moderately knowledgeable,Extremely knowledgeable,Moderately knowledgeable,Slightly knowledgeable,Moderately knowledgeable,Not knowledgeable at all,Slightly knowledgeable,Might attend,Might attend,Would attend,Would attend,Would NOT attend,Might attend,Would attend,Would attend,Would NOT attend,Would attend,,,"In-person taught by instructor,Online video/tutorial or course,Webinar",Evening,"Morning,Midday,Afternoon",Evening,"Morning,Midday,Afternoon,Evening","Morning,Midday,Afternoon",E-Mail
TRUE,Undergraduate Student,,Full-time student,Junior,,Economics,No,Slightly knowledgeable,Slightly knowledgeable,Not knowledgeable at all,Not knowledgeable at all,Not knowledgeable at all,Not knowledgeable at all,Not knowledgeable at all,Not knowledgeable at all,Not knowledgeable at all,Would NOT attend,Would attend,Would attend,Might attend,Would NOT attend,Would NOT attend,Would attend,Would NOT attend,Would attend,Would attend,,,"In-person taught by instructor,Small interest group",Evening,"Morning,Midday,Afternoon,Evening",Evening,"Morning,Midday,Afternoon,Evening","Afternoon,Evening","E-Mail,Facebook"
TRUE,Master's Candidate,,Full-time student,,2,Information Systems and Operations Management,Yes,Moderately knowledgeable,Moderately knowledgeable,Moderately knowledgeable,Slightly knowledgeable,Moderately knowledgeable,Moderately knowledgeable,Moderately knowledgeable,Not knowledgeable at all,Not knowledgeable at all,Would attend,Would attend,Would attend,Would attend,Would attend,Would attend,Would attend,Would attend,Would attend,Would attend,Would attend,,"In-person taught by instructor,Online information portal,Online video/tutorial or course,Webinar,Small interest group",Evening,Evening,Evening,Evening,Evening,"E-Mail,Facebook"
TRUE,Ph.D Candidate,,Full-time student,,1,Mathematics,No,Moderately knowledgeable,Extremely knowledgeable,Moderately knowledgeable,Not knowledgeable at all,Moderately knowledgeable,Not knowledgeable at all,Not knowledgeable at all,Moderately knowledgeable,Slightly knowledgeable,Would NOT attend,Would NOT attend,Would NOT attend,Might attend,Would NOT attend,Would NOT attend,Would NOT attend,Would NOT attend,Might attend,Might attend,,,"Online video/tutorial or course,Small interest group",,"Afternoon,Evening",,"Morning,Midday,Afternoon,Evening",,"E-Mail,Informatics Institute Website"
TRUE,Ph.D Candidate,,Full-time student,,4,Electrical and Computer Engineering,No,Extremely knowledgeable,Moderately knowledgeable,Moderately knowledgeable,Slightly knowledgeable,Slightly knowledgeable,Slightly knowledgeable,Moderately knowledgeable,Not knowledgeable at all,Slightly knowledgeable,Might attend,Would NOT attend,Would NOT attend,Would NOT attend,Might attend,Might attend,Might attend,Might attend,Might attend,Would NOT attend,,,"In-person taught by instructor,Small interest group","Midday,Evening","Midday,Evening","Midday,Evening","Midday,Evening",Midday,"E-Mail,Facebook"
TRUE,Ph.D Candidate,,Full-time student,,2,Political Science,No,Moderately knowledgeable,Slightly knowledgeable,Moderately knowledgeable,Moderately knowledgeable,Not knowledgeable at all,Not knowledgeable at all,Slightly knowledgeable,Slightly knowledgeable,Moderately knowledgeable,Would NOT attend,Might attend,Would attend,Would attend,Would NOT attend,Would attend,Might attend,Might attend,Would attend,Would attend,,,"In-person taught by instructor,Online information portal,Online video/tutorial or course",Afternoon,"Morning,Midday,Afternoon,Evening",None,None,"Morning,Midday,Afternoon,Evening","E-Mail,Facebook,Twitter"
TRUE,Ph.D Candidate,,Full-time student,,4,Statistics,No,Extremely knowledgeable,Moderately knowledgeable,Slightly knowledgeable,Moderately knowledgeable,Slightly knowledgeable,Moderately knowledgeable,Moderately knowledgeable,Moderately knowledgeable,Not knowledgeable at all,Would NOT attend,Would NOT attend,Would NOT attend,Might attend,Would NOT attend,Might attend,Would NOT attend,Would attend,Would NOT attend,Might attend,,,"Online information portal,Online video/tutorial or course,Webinar,Online learning/research community",,Evening,Evening,Evening,,E-Mail
TRUE,Staff,,,,,Electrical and Computer Engineering,Yes,Slightly knowledgeable,Extremely knowledgeable,Moderately knowledgeable,Moderately knowledgeable,Extremely knowledgeable,Extremely knowledgeable,Slightly knowledgeable,Extremely knowledgeable,Moderately knowledgeable,Might attend,Would NOT attend,Would NOT attend,Would NOT attend,Would NOT attend,Would NOT attend,Would NOT attend,Might attend,Would NOT attend,Would NOT attend,,,"In-person taught by instructor,Small interest group",,,,,,"E-Mail,Informatics Institute Website"
TRUE,Ph.D Candidate,,Full-time student,,2,Electrical and Computer Engineering,No,Slightly knowledgeable,Not knowledgeable at all,Moderately knowledgeable,Not knowledgeable at all,Moderately knowledgeable,Not knowledgeable at all,Slightly knowledgeable,Not knowledgeable at all,Slightly knowledgeable,Might attend,Might attend,Would attend,Would attend,Would NOT attend,Might attend,Would NOT attend,Might attend,Would NOT attend,Might attend,,,"In-person taught by instructor,Online information portal,Online video/tutorial or course,Webinar","Afternoon,Evening","Afternoon,Evening","Afternoon,Evening","Afternoon,Evening","Morning,Midday,Afternoon,Evening","E-Mail,Informatics Institute Website,Facebook"
TRUE,Faculty Member,,,,,Music,No,Moderately knowledgeable,Slightly knowledgeable,Extremely knowledgeable,Moderately knowledgeable,Slightly knowledgeable,Slightly knowledgeable,Extremely knowledgeable,Slightly knowledgeable,Not knowledgeable at all,Might attend,Would attend,Would attend,Would attend,Might attend,Might attend,Would attend,Would attend,Would attend,Would attend,,,"In-person taught by instructor,Online information portal,Online video/tutorial or course,Webinar,Small interest group,Online learning/research community",Afternoon,Midday,Afternoon,Midday,Morning,E-Mail
TRUE,Ph.D Candidate,,Full-time student,,5,Mechanical and Aerospace Engineering,No,Moderately knowledgeable,Moderately knowledgeable,Moderately knowledgeable,Not knowledgeable at all,Not knowledgeable at all,Not knowledgeable at all,Not knowledgeable at all,Not knowledgeable at all,Not knowledgeable at all,Might attend,Would attend,Would attend,Would attend,Would attend,Would attend,Would attend,Would attend,Would attend,Would attend,,,"Online information portal,Online video/tutorial or course,Webinar,Online learning/research community",,,Evening,Evening,Evening,E-Mail
TRUE,Faculty Member,,,,,Agricultural and Biological Engineering,No,Moderately knowledgeable,Extremely knowledgeable,Moderately knowledgeable,Slightly knowledgeable,Not knowledgeable at all,Moderately knowledgeable,Slightly knowledgeable,Slightly knowledgeable,Slightly knowledgeable,Would NOT attend,,Might attend,Would NOT attend,Might attend,Might attend,Would NOT attend,Might attend,Would attend,Would NOT attend,,,In-person taught by instructor,"Morning,Midday,Afternoon",Afternoon,"Morning,Midday,Afternoon",,"Morning,Midday",E-Mail
TRUE,Postgraduate Researcher,,,,,Biology,No,Moderately knowledgeable,Extremely knowledgeable,Slightly knowledgeable,Not knowledgeable at all,Extremely knowledgeable,Extremely knowledgeable,Slightly knowledgeable,Extremely knowledgeable,Moderately knowledgeable,Would NOT attend,Would NOT attend,Would NOT attend,Might attend,Would NOT attend,Might attend,Would NOT attend,Would attend,Would NOT attend,Would NOT attend,,,"In-person taught by instructor,Small interest group","Afternoon,Evening","Afternoon,Evening","Afternoon,Evening","Afternoon,Evening","Afternoon,Evening",E-Mail
TRUE,Master's Candidate,,Full-time student,,2,Special Education,No,Slightly knowledgeable,Not knowledgeable at all,Slightly knowledgeable,Slightly knowledgeable,Slightly knowledgeable,Slightly knowledgeable,Slightly knowledgeable,Slightly knowledgeable,Not knowledgeable at all,Would attend,Would attend,Would attend,Would attend,Would attend,Would attend,Would attend,Would attend,Would attend,Would attend,,,"In-person taught by instructor,Small interest group,Online learning/research community","Afternoon,Evening","Afternoon,Evening",Evening,,"Afternoon,Evening",E-Mail
TRUE,Master's Candidate,,Full-time student,,1,Agricultural and Biological Engineering,No,Extremely knowledgeable,Moderately knowledgeable,Moderately knowledgeable,Not knowledgeable at all,Slightly knowledgeable,Slightly knowledgeable,Moderately knowledgeable,Slightly knowledgeable,Moderately knowledgeable,Would NOT attend,Would NOT attend,Might attend,Might attend,Might attend,Might attend,Might attend,Might attend,Would attend,Might attend,,,"In-person taught by instructor,Webinar,Online learning/research community","Midday,Afternoon,Evening","Morning,Evening","Morning,Midday,Afternoon,Evening","Morning,Midday,Afternoon,Evening","Morning,Midday,Afternoon",E-Mail
FALSE,Ph.D Candidate,,Full-time student,,4,Pharmaceutical Outcomes and Policy,No,,,,,,,,,,,,,,,,,,,,,,,,,,,,
FALSE,Faculty Member,,,,,"Speech, Language, and Hearing Sciences",No,,,,,,,,,,,,,,,,,,,,,,,,,,,,
FALSE,Undergraduate Student,,Full-time student,Sophomore,,"Finance, Insurance and Real Estate",No,Slightly knowledgeable,Slightly knowledgeable,Not knowledgeable at all,Not knowledgeable at all,Not knowledgeable at all,Not knowledgeable at all,Not knowledgeable at all,Not knowledgeable at all,Not knowledgeable at all,,,,,,,,,,,,,,,,,,,
FALSE,Faculty Member,,,,,Mathematics,Yes,,,,,,,,,,,,,,,,,,,,,,,,,,,,
FALSE,Master's Candidate,,Full-time student,,2,Biology,No,N/A,N/A,N/A,N/A,N/A,N/A,N/A,N/A,N/A,,,,,,,,,,,,,,,,,,,
